date,TempMaxima,TempMinima,Insolacao,Evaporacao Piche,Temp Comp Media,Umidade Relativa Media,Velocidade do Vento Media
2014-01-01,30.9,22.2,10.5,3.0,26.26,79.75,0.0
2014-01-02,30.9,22.3,10.4,4.6,26.32,81.5,0.0
2014-01-03,31.1,21.1,8.2,3.2,26.2,74.5,0.0
2014-01-04,32.4,22.8,10.6,4.6,27.5,78.25,0.0
2014-01-05,30.6,21.9,7.9,4.4,26.52,80.0,0.0
2014-01-06,31.4,22.2,5.6,3.8,26.4,83.0,0.0
2014-01-07,29.0,22.5,0.0,2.2,25.46,84.5,0.0
2014-01-08,28.8,22.2,2.8,3.2,25.4,79.25,0.0
2014-01-09,31.6,22.0,7.9,3.4,26.16,83.75,0.0
2014-01-10,29.4,22.9,2.4,3.3,26.34,80.5,0.0
2014-01-11,31.0,22.7,4.1,4.4,26.82,79.5,0.0
2014-01-12,29.4,22.0,8.1,4.7,25.84,82.0,0.0
2014-01-13,30.6,21.3,9.1,3.5,26.58,75.0,0.0
2014-01-14,28.1,22.8,5.3,3.5,25.14,86.25,0.0
2014-01-15,30.7,22.1,10.1,4.2,26.52,76.5,0.0
2014-01-16,31.2,22.4,10.5,3.8,26.52,73.5,0.0
2014-01-17,31.0,22.3,10.4,3.2,26.46,78.5,0.0
2014-01-18,30.9,21.9,10.4,3.8,26.42,77.5,0.0
2014-01-19,33.1,21.7,10.9,4.1,27.56,70.5,0.0
2014-01-20,33.8,22.5,10.8,4.0,27.86,67.5,0.0
2014-01-21,32.8,22.7,10.5,3.8,27.64,70.0,0.0
2014-01-22,32.2,22.5,9.4,4.3,27.4,71.75,0.0
2014-01-23,32.2,22.1,10.8,4.2,26.7,78.0,0.0
2014-01-24,32.1,22.2,10.2,3.8,26.54,77.5,0.0
2014-01-25,29.8,22.4,9.5,3.2,25.84,82.5,0.0
2014-01-26,31.6,22.5,7.9,3.8,26.7,76.5,0.0
2014-01-27,31.6,22.5,4.5,3.6,26.5,84.0,0.0
2014-01-28,29.3,22.5,8.3,4.0,26.04,79.5,0.0
2014-01-29,29.9,22.0,8.1,3.4,25.9,81.75,0.0
2014-01-30,28.7,22.2,4.4,4.0,25.66,88.25,0.0
2014-01-31,30.2,22.5,10.3,2.6,26.14,84.25,0.0
2014-02-01,30.8,22.5,10.2,3.0,26.3,82.0,0.0
2014-02-02,30.7,22.3,10.2,2.6,26.3,82.0,0.0
2014-02-03,32.2,23.9,10.2,2.6,26.3,82.0,0.0
2014-02-04,30.6,22.5,10.2,1.8,26.3,82.0,0.0
2014-02-05,31.0,22.9,10.2,1.8,26.3,82.0,0.0
2014-02-06,30.6,22.1,10.2,2.5,26.3,82.0,0.0
2014-02-07,30.6,22.0,10.2,6.0,26.3,82.0,0.0
2014-02-08,29.8,22.5,10.2,2.9,26.3,82.0,0.0
2014-02-09,29.0,22.2,10.2,3.0,26.3,82.0,0.0
2014-02-10,30.1,22.5,10.2,2.8,26.3,82.0,0.0
2014-02-11,28.9,22.0,10.2,3.0,26.3,82.0,0.0
2014-02-12,31.1,22.3,10.2,3.0,26.3,82.0,0.0
2014-02-13,31.0,22.3,10.2,3.0,26.3,82.0,0.0
2014-02-14,31.4,22.6,10.2,3.1,26.3,82.0,0.0
2014-02-15,31.4,22.5,10.2,3.0,26.3,82.0,0.0
2014-02-16,31.0,22.8,10.2,4.1,26.3,82.0,0.0
2014-02-17,31.2,22.6,10.2,3.9,26.3,82.0,0.0
2014-02-18,31.3,22.3,10.2,3.7,26.3,82.0,0.0
2014-02-19,31.0,22.5,10.2,3.0,26.3,82.0,0.0
2014-02-20,30.2,22.2,10.2,3.0,26.3,82.0,0.0
2014-02-21,30.2,23.3,10.2,2.5,26.3,82.0,0.0
2014-02-22,30.4,22.3,10.2,2.5,26.3,82.0,0.0
2014-02-23,29.9,22.3,10.2,2.0,26.3,82.0,0.0
2014-02-24,31.0,22.3,10.2,2.1,26.3,82.0,0.0
2014-02-25,31.9,22.8,10.2,2.3,26.3,82.0,0.0
2014-02-26,31.2,22.5,10.2,3.8,26.3,82.0,0.0
2014-02-27,32.0,22.1,10.2,3.6,26.3,82.0,0.0
2014-02-28,30.6,22.5,10.2,3.4,26.3,82.0,0.0
2014-03-01,30.8,23.1,10.2,2.8,26.3,82.0,0.0
2014-03-02,30.7,23.3,10.2,3.0,26.3,82.0,0.0
2014-03-03,30.8,23.2,10.2,3.2,26.3,82.0,0.0
2014-03-04,30.6,22.3,10.2,3.2,26.3,82.0,0.0
2014-03-05,30.6,22.7,10.2,3.8,26.3,82.0,0.0
2014-03-06,31.2,22.8,10.2,3.6,26.3,82.0,0.0
2014-03-07,31.8,22.5,10.2,4.6,26.3,82.0,0.0
2014-03-08,31.9,22.7,10.2,3.6,26.3,82.0,0.0
2014-03-09,31.8,23.2,10.2,3.2,26.3,82.0,0.0
2014-03-10,32.0,22.8,10.2,1.8,26.3,82.0,0.0
2014-03-11,27.8,22.5,10.2,2.6,26.3,82.0,0.0
2014-03-12,30.4,22.4,10.2,3.4,26.3,82.0,0.0
2014-03-13,29.9,21.6,10.2,4.0,26.3,82.0,0.0
2014-03-14,30.0,22.3,10.2,3.2,26.3,82.0,0.0
2014-03-15,31.1,20.9,10.2,3.6,26.3,82.0,0.0
2014-03-16,31.0,21.4,10.2,3.8,26.3,82.0,0.0
2014-03-17,30.9,22.8,10.2,2.2,26.3,82.0,0.0
2014-03-18,29.8,23.1,10.2,2.8,26.3,82.0,0.0
2014-03-19,29.4,23.1,10.2,5.0,26.3,82.0,0.0
2014-03-20,30.8,23.1,10.2,3.8,26.3,82.0,0.0
2014-03-21,31.6,23.1,10.2,3.0,26.3,82.0,0.0
2014-03-22,30.8,23.1,10.2,3.0,26.3,82.0,0.0
2014-03-23,31.4,23.1,10.2,3.0,26.3,82.0,0.0
2014-03-24,32.0,23.1,10.2,4.2,26.3,82.0,0.0
2014-03-25,31.6,23.1,10.2,3.1,26.3,82.0,0.0
2014-03-26,31.4,23.1,10.2,2.8,26.3,82.0,0.0
2014-03-27,32.2,23.1,10.2,4.2,26.3,82.0,0.0
2014-03-28,29.9,23.1,10.2,1.6,26.3,82.0,0.0
2014-03-29,31.6,23.1,10.2,3.0,26.3,82.0,0.0
2014-03-30,31.2,23.1,10.2,3.8,26.3,82.0,0.0
2014-03-31,29.9,20.2,0.0,3.3,26.06,78.0,0.0
2014-04-01,31.7,22.7,9.3,4.0,26.68,81.75,0.0
2014-04-02,32.0,22.7,7.2,3.4,26.98,77.5,0.0
2014-04-03,30.5,23.4,7.2,3.4,26.98,77.5,0.0
2014-04-04,31.6,23.3,7.2,3.2,26.98,77.5,0.0
2014-04-05,31.4,23.0,7.2,3.9,26.98,77.5,0.0
2014-04-06,29.9,21.9,7.2,4.1,26.98,77.5,0.0
2014-04-07,30.6,22.0,7.2,3.0,26.98,77.5,0.0
2014-04-08,33.1,23.9,7.2,3.4,26.98,77.5,0.0
2014-04-09,32.6,23.4,7.2,1.6,26.98,77.5,0.0
2014-04-10,32.1,23.5,7.2,3.1,26.98,77.5,0.0
2014-04-11,32.2,23.9,7.2,3.9,26.98,77.5,0.0
2014-04-12,31.9,23.6,7.2,3.8,26.98,77.5,0.0
2014-04-13,31.8,23.8,7.2,3.2,26.98,77.5,0.0
2014-04-14,29.8,21.9,7.2,3.3,26.98,77.5,0.0
2014-04-15,30.6,22.9,7.2,2.9,26.98,77.5,0.0
2014-04-16,29.8,23.3,7.2,3.2,26.98,77.5,0.0
2014-04-17,28.9,21.2,7.2,3.6,26.98,77.5,0.0
2014-04-18,30.9,23.1,7.2,4.4,26.98,77.5,0.0
2014-04-19,31.7,23.7,7.2,3.5,26.98,77.5,0.0
2014-04-20,33.6,23.9,7.2,3.7,26.98,77.5,0.0
2014-04-21,30.0,23.1,7.2,2.6,26.98,77.5,0.0
2014-04-22,29.4,22.8,7.2,2.0,26.98,77.5,0.0
2014-04-23,30.6,23.2,7.2,2.0,26.98,77.5,0.0
2014-04-24,31.4,23.7,7.2,3.0,26.98,77.5,0.0
2014-04-25,29.8,22.0,7.2,4.1,26.98,77.5,0.0
2014-04-26,31.0,22.3,7.2,3.1,26.98,77.5,0.0
2014-04-27,31.8,23.1,7.2,3.3,26.98,77.5,0.0
2014-04-28,28.8,23.2,7.2,2.1,26.98,77.5,0.0
2014-04-29,27.9,20.5,7.2,3.6,26.98,77.5,0.0
2014-04-30,27.2,22.7,7.2,3.8,26.54,88.0,0.0
2014-05-01,28.1,22.4,7.2,3.2,26.54,88.0,0.0
2014-05-02,26.6,20.6,7.2,2.8,23.76,91.25,0.0
2014-05-03,29.5,23.5,3.4,1.9,25.4,92.5,0.0
2014-05-04,28.6,22.3,4.2,1.5,24.62,86.0,0.0
2014-05-05,27.4,20.6,1.5,1.8,24.32,84.25,0.0
2014-05-06,28.8,21.8,0.4,3.0,25.32,90.5,0.0
2014-05-07,27.0,21.9,5.1,3.4,24.14,93.25,0.0
2014-05-08,30.0,22.2,7.5,2.6,25.4,87.5,0.0
2014-05-09,29.8,23.4,4.1,2.0,25.92,87.5,0.0
2014-05-10,28.9,21.9,8.0,4.0,25.68,81.25,0.0
2014-05-11,29.3,22.2,7.1,3.1,25.88,81.0,0.0
2014-05-12,29.4,22.5,2.5,2.7,25.42,88.5,0.0
2014-05-13,27.0,21.8,0.0,2.0,24.36,92.75,0.0
2014-05-14,27.6,22.7,0.0,1.2,25.1,95.5,0.0
2014-05-15,29.8,22.3,4.9,2.2,25.54,84.75,0.0
2014-05-16,29.8,23.3,9.8,2.6,26.14,82.25,0.0
2014-05-17,29.7,22.9,9.4,2.8,25.12,84.75,0.0
2014-05-18,29.9,22.7,9.9,3.7,25.44,79.5,0.0
2014-05-19,29.6,22.4,9.2,3.3,26.12,80.25,0.0
2014-05-20,29.3,22.1,9.7,3.1,25.74,83.0,0.0
2014-05-21,28.6,22.3,4.6,2.1,25.22,88.25,0.0
2014-05-22,29.6,22.2,7.1,2.9,25.64,80.75,0.0
2014-05-23,29.9,22.4,2.8,3.0,25.66,83.75,0.0
2014-05-24,29.0,22.5,10.3,3.1,25.44,82.5,0.0
2014-05-25,30.6,21.9,10.2,3.5,26.26,82.25,0.0
2014-05-26,29.8,22.5,9.9,4.0,26.06,81.25,0.0
2014-05-27,30.0,22.7,6.2,4.4,25.94,83.0,0.0
2014-05-28,29.8,22.5,1.6,2.4,25.06,93.5,0.0
2014-05-29,30.0,22.5,5.2,2.8,26.18,80.5,0.0
2014-05-30,29.8,21.9,6.6,3.4,25.86,79.75,0.0
2014-05-31,27.3,21.9,0.9,3.1,24.8,89.25,0.0
2014-06-01,30.0,23.0,8.5,3.9,26.32,81.0,0.0
2014-06-02,29.8,23.5,9.8,3.0,25.3,85.75,0.0
2014-06-03,30.6,22.7,7.3,2.2,25.5,78.0,0.0
2014-06-04,31.0,22.9,7.1,2.8,25.82,82.0,0.0
2014-06-05,31.0,22.0,9.3,3.0,25.68,86.5,0.0
2014-06-06,31.6,22.8,9.3,3.2,26.44,83.0,0.0
2014-06-07,29.6,22.1,6.0,4.4,26.42,78.75,0.0
2014-06-08,29.8,23.1,9.0,2.8,25.7,87.25,0.0
2014-06-09,29.8,22.2,8.0,2.2,25.32,88.0,0.0
2014-06-10,29.0,22.1,0.5,2.0,24.86,92.75,0.0
2014-06-11,29.6,22.3,6.9,2.0,25.14,87.0,0.0
2014-06-12,28.2,23.0,5.7,2.2,25.16,87.75,0.0
2014-06-13,28.6,21.9,7.6,3.2,25.04,89.0,0.0
2014-06-14,29.4,22.1,1.9,2.9,26.1,81.0,0.0
2014-06-15,27.9,22.5,2.5,1.3,24.72,90.5,0.0
2014-06-16,28.2,22.5,7.1,2.6,25.18,88.5,0.0
2014-06-17,29.7,22.4,1.3,3.8,25.34,89.5,0.0
2014-06-18,29.2,22.4,6.1,4.0,25.44,87.25,0.0
2014-06-19,30.0,22.3,8.0,1.8,25.58,86.5,0.0
2014-06-20,28.4,22.2,7.9,1.6,24.96,86.0,0.0
2014-06-21,28.0,22.0,6.4,2.8,24.84,87.0,0.0
2014-06-22,26.6,21.1,7.3,3.0,24.06,84.5,0.0
2014-06-23,28.4,21.7,6.2,2.4,25.28,83.25,0.0
2014-06-24,26.6,21.7,0.3,1.2,23.38,95.25,0.0
2014-06-25,27.9,20.3,6.5,2.0,23.84,86.5,0.0
2014-06-26,25.6,22.3,1.2,1.9,23.58,91.5,0.0
2014-06-27,28.2,22.1,2.7,1.3,24.5,87.75,0.0
2014-06-28,29.8,22.1,8.2,3.3,25.14,82.25,0.0
2014-06-29,27.4,22.1,5.8,2.9,24.94,86.5,0.0
2014-06-30,28.8,20.4,10.3,2.6,23.88,84.0,0.0
2014-07-01,28.0,19.8,7.4,3.0,23.36,86.0,0.0
2014-07-02,26.4,22.9,2.4,2.7,24.22,89.0,0.0
2014-07-03,27.6,22.7,7.0,1.7,24.08,89.75,0.0
2014-07-04,27.3,21.8,7.9,2.5,24.1,88.75,0.0
2014-07-05,27.4,20.0,9.5,4.6,23.64,83.25,0.0
2014-07-06,27.7,21.5,8.5,3.2,24.84,81.25,0.0
2014-07-07,29.4,22.3,9.6,3.6,25.22,80.75,0.0
2014-07-08,28.6,21.4,6.2,2.2,24.48,85.5,0.0
2014-07-09,28.4,21.1,7.5,2.4,24.74,83.0,0.0
2014-07-10,27.6,22.7,8.9,1.8,24.26,89.25,0.0
2014-07-11,27.9,19.8,6.7,3.6,23.98,85.0,0.0
2014-07-12,28.9,22.5,4.3,3.0,25.52,82.75,0.0
2014-07-13,28.9,21.9,6.8,3.8,25.0,82.25,0.0
2014-07-14,28.4,22.9,8.1,2.2,25.58,83.75,0.0
2014-07-15,28.2,22.1,2.8,2.4,24.16,89.0,0.0
2014-07-16,28.9,22.0,7.5,3.8,24.54,84.75,0.0
2014-07-17,27.7,21.0,4.4,2.0,23.7,88.75,0.0
2014-07-18,26.8,22.0,1.4,2.1,23.76,89.5,0.0
2014-07-19,27.4,21.6,4.1,3.3,24.4,88.25,0.0
2014-07-20,27.9,23.5,9.9,1.6,25.2,88.0,0.0
2014-07-21,27.8,22.2,7.6,2.3,25.12,83.0,0.0
2014-07-22,27.6,21.8,8.4,1.9,24.72,81.5,0.0
2014-07-23,28.8,23.0,9.0,2.5,24.88,82.0,0.0
2014-07-24,27.3,22.7,2.0,2.5,25.04,84.75,0.0
2014-07-25,27.6,22.3,2.6,1.4,24.3,90.0,0.0
2014-07-26,28.4,21.8,2.6,2.4,25.04,82.5,0.0
2014-07-27,27.0,21.4,3.5,3.3,24.42,86.25,0.0
2014-07-28,28.2,22.9,7.1,3.1,24.82,88.5,0.0
2014-07-29,27.5,22.6,9.4,2.4,24.34,89.0,0.0
2014-07-30,27.7,22.7,7.2,3.0,24.64,88.0,0.0
2014-07-31,27.0,19.6,8.4,2.0,23.08,88.25,0.0
2014-08-01,27.4,20.7,9.6,2.2,24.58,81.75,0.0
2014-08-02,28.2,22.4,7.2,3.1,24.68,88.5,0.0
2014-08-03,27.8,21.8,6.8,2.7,24.8,79.5,0.0
2014-08-04,28.9,22.3,6.8,4.2,25.64,80.75,0.0
2014-08-05,29.2,21.9,8.5,4.4,25.52,80.5,0.0
2014-08-06,30.0,22.3,7.4,3.6,25.68,82.0,0.0
2014-08-07,28.0,22.5,7.4,2.4,25.68,82.0,0.0
2014-08-08,27.8,21.4,7.4,2.2,25.68,82.0,0.0
2014-08-09,25.0,21.8,7.4,2.0,25.68,82.0,0.0
2014-08-10,26.4,19.6,7.4,2.0,25.68,82.0,0.0
2014-08-11,28.0,19.4,7.4,1.4,25.68,82.0,0.0
2014-08-12,27.7,20.1,7.4,2.4,25.68,82.0,0.0
2014-08-13,28.2,22.7,7.4,2.0,25.68,82.0,0.0
2014-08-14,31.6,22.1,7.4,2.2,25.68,82.0,0.0
2014-08-15,29.8,21.9,9.6,3.4,25.14,83.5,0.0
2014-08-16,30.6,22.5,9.7,3.2,25.98,82.5,0.0
2014-08-17,31.4,22.7,7.5,3.7,26.64,75.0,0.0
2014-08-18,30.0,22.9,9.7,3.1,25.94,81.0,0.0
2014-08-19,27.2,22.1,5.1,2.0,23.82,91.0,0.0
2014-08-20,27.4,22.2,7.7,2.8,23.96,90.75,0.0
2014-08-21,24.4,20.0,0.0,1.0,22.38,92.0,0.0
2014-08-22,27.0,19.9,8.1,1.2,23.74,79.75,0.0
2014-08-23,29.1,19.2,3.5,3.5,24.3,78.25,0.0
2014-08-24,29.4,22.0,9.4,2.9,25.28,84.0,0.0
2014-08-25,27.6,22.8,7.9,2.4,24.88,93.75,0.0
2014-08-26,28.4,22.9,9.6,2.4,25.38,83.5,0.0
2014-08-27,28.6,21.6,2.3,2.8,24.32,83.75,0.0
2014-08-28,28.3,21.8,8.1,3.0,24.06,87.0,0.0
2014-08-29,29.1,22.5,9.1,3.0,25.2,86.25,0.0
2014-08-30,29.6,22.1,8.2,3.4,25.62,82.0,0.0
2014-08-31,28.7,22.8,10.1,3.2,25.54,82.5,0.0
2014-09-01,28.6,18.9,5.8,2.7,24.66,84.5,0.0
2014-09-02,29.2,20.5,7.9,2.7,23.9,83.0,0.0
2014-09-03,29.0,20.3,10.6,2.6,24.38,81.75,0.0
2014-09-04,32.4,20.6,7.2,2.6,26.04,78.75,0.0
2014-09-05,29.4,22.6,6.5,3.2,25.72,85.25,0.0
2014-09-06,30.4,20.8,8.1,3.6,25.76,75.0,0.0
2014-09-07,26.9,22.5,0.2,3.3,24.42,84.75,0.0
2014-09-08,27.0,22.3,1.5,2.5,23.9,90.25,0.0
2014-09-09,27.8,21.8,5.2,2.0,24.48,87.5,0.0
2014-09-10,28.2,20.8,8.7,2.2,23.76,87.5,0.0
2014-09-11,28.2,22.0,8.0,2.8,23.76,87.5,0.0
2014-09-12,28.6,22.1,8.7,2.2,24.9,79.0,0.0
2014-09-13,28.4,21.8,6.2,2.8,24.84,89.25,0.0
2014-09-14,27.8,22.5,9.7,2.5,25.02,84.25,0.0
2014-09-15,28.4,21.3,3.5,3.7,24.48,86.25,0.0
2014-09-16,28.8,20.8,7.3,3.0,24.88,84.25,0.0
2014-09-17,28.7,22.7,10.7,3.0,24.8,86.75,0.0
2014-09-18,29.2,21.7,7.0,3.2,24.78,88.75,0.0
2014-09-19,27.4,20.6,0.9,3.6,24.08,85.5,0.0
2014-09-20,29.4,21.8,8.9,3.2,24.86,85.0,0.0
2014-09-21,28.5,21.4,10.5,3.2,24.34,85.25,0.0
2014-09-22,29.6,22.6,9.5,3.5,25.26,83.25,0.0
2014-09-23,29.2,22.3,7.5,2.6,25.54,86.25,0.0
2014-09-24,29.6,22.3,8.6,3.7,25.26,80.0,0.0
2014-09-25,29.4,22.4,10.4,3.7,25.04,81.75,0.0
2014-09-26,29.8,22.5,9.2,2.3,25.54,83.25,0.0
2014-09-27,29.0,22.0,10.5,3.3,25.16,79.75,0.0
2014-09-28,30.0,21.6,10.0,4.1,25.62,78.25,0.0
2014-09-29,31.1,22.7,9.6,3.4,25.78,80.25,0.0
2014-09-30,29.7,20.5,2.8,2.4,24.92,79.75,0.0
2014-10-01,29.4,22.3,9.6,2.8,25.74,84.75,0.0
2014-10-02,30.7,22.3,9.7,2.6,25.96,82.5,0.0
2014-10-03,28.6,21.4,0.0,2.2,24.96,81.0,0.0
2014-10-04,28.6,22.8,5.4,2.9,24.78,88.75,0.0
2014-10-05,27.8,22.1,0.0,2.4,23.9,92.25,0.0
2014-10-06,24.5,20.7,0.0,2.2,22.48,93.25,0.0
2014-10-07,25.9,20.6,0.0,2.6,22.76,88.25,0.0
2014-10-08,27.8,22.3,3.8,2.0,24.58,88.0,0.0
2014-10-09,28.8,20.7,8.3,3.2,24.22,83.25,0.0
2014-10-10,27.8,20.8,3.8,2.8,24.44,83.75,0.0
2014-10-11,29.4,22.3,7.3,2.8,25.06,85.5,0.0
2014-10-12,27.7,21.8,6.9,2.4,24.42,88.5,0.0
2014-10-13,27.9,21.8,8.0,3.0,24.66,83.75,0.0
2014-10-14,29.4,22.3,10.9,3.6,25.46,84.25,0.0
2014-10-15,29.7,22.3,8.0,3.4,25.6,80.5,0.0
2014-10-16,29.8,22.1,5.8,3.0,25.9,81.75,0.0
2014-10-17,29.2,22.5,6.2,3.0,25.78,81.5,0.0
2014-10-18,29.3,22.1,10.4,4.0,25.92,82.75,0.0
2014-10-19,29.6,22.5,10.7,3.8,25.8,80.25,0.0
2014-10-20,29.8,22.1,10.4,3.2,25.62,82.75,0.0
2014-10-21,30.0,22.9,9.6,4.0,25.9,78.75,0.0
2014-10-22,30.0,22.1,10.0,3.0,25.94,84.75,0.0
2014-10-23,29.9,22.1,5.3,2.2,25.76,84.5,0.0
2014-10-24,30.2,22.1,6.4,3.6,26.06,83.5,0.0
2014-10-25,29.6,21.4,11.3,3.1,25.6,80.0,0.0
2014-10-26,31.3,22.0,10.3,3.1,26.32,77.5,0.0
2014-10-27,29.8,22.5,10.3,4.0,26.18,77.75,0.0
2014-10-28,30.4,22.3,7.9,3.0,26.66,78.5,0.0
2014-10-29,30.5,22.3,10.8,3.2,26.88,76.0,0.0
2014-10-30,30.9,22.5,10.9,3.1,26.76,78.0,0.0
2014-10-31,33.0,22.9,10.3,4.7,27.04,77.5,0.0
2014-11-01,31.9,22.3,8.6,3.7,26.22,76.75,0.0
2014-11-02,31.6,22.5,4.3,3.3,26.14,82.5,0.0
2014-11-03,27.4,22.3,2.9,2.6,24.94,86.25,0.0
2014-11-04,30.2,22.4,7.7,1.8,26.36,81.5,0.0
2014-11-05,30.5,22.5,9.3,3.0,26.72,78.25,0.0
2014-11-06,31.4,22.5,7.8,4.3,26.4,79.5,0.0
2014-11-07,28.0,22.7,3.7,3.3,24.98,84.75,0.0
2014-11-08,28.6,22.0,9.0,3.8,25.76,77.75,0.0
2014-11-09,30.4,22.3,6.7,2.4,26.42,81.25,0.0
2014-11-10,31.8,22.4,10.3,1.8,26.6,80.75,0.0
2014-11-11,31.9,22.3,8.5,3.2,26.84,79.0,0.0
2014-11-12,33.0,23.0,10.5,3.7,27.54,72.25,0.0
2014-11-13,31.8,22.5,5.5,4.5,26.98,72.0,0.0
2014-11-14,31.0,22.9,10.0,3.6,26.54,70.25,0.0
2014-11-15,30.9,22.2,10.6,3.6,26.18,77.5,0.0
2014-11-16,33.1,23.7,8.6,4.0,27.84,71.75,0.0
2014-11-17,33.0,23.2,5.2,4.0,27.56,73.25,0.0
2014-11-18,32.4,22.2,3.5,3.4,26.24,87.25,0.0
2014-11-19,31.4,22.7,1.1,3.0,26.02,86.5,0.0
2014-11-20,30.2,22.7,6.5,3.4,26.46,78.5,0.0
2014-11-21,32.2,22.3,9.2,3.0,27.38,71.75,0.0
2014-11-22,31.9,22.9,9.0,3.6,27.16,74.0,0.0
2014-11-23,31.7,22.4,9.5,3.4,26.92,74.75,0.0
2014-11-24,31.2,22.3,9.7,4.0,26.42,81.25,0.0
2014-11-25,31.2,22.4,7.7,3.0,26.52,80.5,0.0
2014-11-26,32.4,22.7,7.5,3.5,27.18,75.75,0.0
2014-11-27,29.6,22.3,6.5,3.1,26.14,79.75,0.0
2014-11-28,29.6,22.1,3.6,2.6,25.78,84.25,0.0
2014-11-29,31.2,22.4,8.0,3.0,26.24,80.25,0.0
2014-11-30,31.1,22.2,8.0,3.1,26.38,80.25,0.0
2014-12-01,33.2,20.6,9.5,4.1,27.0,66.0,0.0
2014-12-02,32.0,22.1,9.5,3.2,26.88,73.0,0.0
2014-12-03,28.9,21.9,2.3,3.8,26.0,72.0,0.0
2014-12-04,29.8,22.3,5.3,2.6,26.14,84.75,0.0
2014-12-05,30.8,22.6,8.8,3.2,26.8,76.25,0.0
2014-12-06,31.0,22.3,9.4,2.6,26.82,76.5,0.0
2014-12-07,31.8,22.7,9.4,3.7,27.12,73.75,0.0
2014-12-08,32.6,22.6,7.1,3.9,27.16,71.5,0.0
2014-12-09,31.9,22.8,5.3,3.1,27.06,74.0,0.0
2014-12-10,30.6,22.3,7.8,3.0,26.7,78.5,0.0
2014-12-11,31.1,22.5,8.9,3.0,25.88,79.75,0.0
2014-12-12,30.4,22.3,8.6,3.2,26.74,78.0,0.0
2014-12-13,30.6,22.0,7.2,3.7,26.22,77.75,0.0
2014-12-14,31.3,22.1,9.6,3.1,26.38,77.5,0.0
2014-12-15,30.4,22.3,6.1,3.8,26.66,83.0,0.0
2014-12-16,30.6,22.4,3.8,2.5,26.92,76.0,0.0
2014-12-17,30.4,22.1,0.5,4.3,25.78,81.25,0.0
2014-12-18,29.9,22.8,0.5,3.0,25.5,82.0,0.0
2014-12-19,31.0,22.3,6.7,3.0,26.42,78.5,0.0
2014-12-20,30.0,21.9,8.6,3.6,26.26,75.25,0.0
2014-12-21,29.8,22.1,8.3,2.4,26.02,76.5,0.0
2014-12-22,31.6,22.5,7.7,3.2,25.9,83.0,0.0
2014-12-23,29.8,22.8,2.4,2.6,25.8,82.0,0.0
2014-12-24,31.0,22.8,9.5,3.2,26.28,76.75,0.0
2014-12-25,33.0,22.1,8.7,4.2,26.66,77.5,0.0
2014-12-26,31.3,21.9,7.4,4.2,26.06,78.75,0.0
2014-12-27,33.6,22.7,7.9,3.2,27.2,77.0,0.0
2014-12-28,30.6,22.5,8.5,3.0,26.62,76.5,0.0
2014-12-29,29.9,22.2,8.7,3.2,26.46,72.0,0.0
2014-12-30,30.4,22.5,3.9,3.0,26.42,77.75,0.0
2014-12-31,31.6,22.3,7.8,3.2,26.82,78.75,0.0
2015-01-01,30.9,23.0,2.4,3.0,26.38,80.5,0.0
2015-01-02,30.4,23.1,8.5,3.2,26.7,78.75,0.0
2015-01-03,30.6,23.0,9.5,2.4,26.52,80.0,0.0
2015-01-04,31.4,23.3,10.3,3.1,26.66,80.75,0.0
2015-01-05,32.4,21.7,7.7,4.1,27.22,75.0,0.0
2015-01-06,32.0,23.0,9.7,3.7,27.26,75.0,0.0
2015-01-07,33.1,23.2,9.1,4.3,27.72,73.75,0.0
2015-01-08,31.8,22.5,6.6,3.0,26.9,77.75,0.0
2015-01-09,30.4,22.8,7.9,3.2,26.04,83.0,0.0
2015-01-10,31.8,22.5,5.5,3.8,26.96,74.75,0.0
2015-01-11,33.6,22.1,7.6,4.1,27.44,72.75,0.0
2015-01-12,33.9,22.3,7.8,3.9,27.68,71.5,0.0
2015-01-13,31.6,23.4,8.9,3.2,27.32,76.0,0.0
2015-01-14,30.8,22.7,10.1,3.2,26.98,75.75,0.0
2015-01-15,31.0,22.6,9.9,3.0,26.96,73.0,0.0
2015-01-16,31.6,22.8,9.6,2.6,27.12,77.75,0.0
2015-01-17,33.0,22.7,9.2,3.0,27.64,75.0,0.0
2015-01-18,33.2,22.7,9.9,3.9,27.5,76.5,0.0
2015-01-19,32.0,22.9,9.5,3.5,27.62,75.25,0.0
2015-01-20,31.4,22.8,8.7,3.4,27.04,76.75,0.0
2015-01-21,31.2,23.3,5.4,2.4,26.98,81.75,0.0
2015-01-22,31.4,23.4,7.7,3.1,27.24,80.0,0.0
2015-01-23,31.0,23.0,6.3,4.1,27.28,78.0,0.0
2015-01-24,27.8,21.7,0.4,3.6,25.3,78.5,0.0
2015-01-25,29.3,22.1,10.1,3.0,26.06,76.25,0.0
2015-01-26,31.6,23.0,9.5,4.0,27.08,78.0,0.0
2015-01-27,31.8,23.1,10.0,3.2,27.26,77.25,0.0
2015-01-28,31.4,23.2,7.7,3.2,27.4,75.75,0.0
2015-01-29,28.9,21.9,5.6,3.6,25.72,83.0,0.0
2015-01-30,30.6,23.5,2.7,4.2,26.62,80.25,0.0
2015-01-31,31.3,22.6,11.0,3.8,26.64,80.0,0.0
2015-02-01,29.4,22.8,10.2,3.3,26.18,80.5,0.0
2015-02-02,31.9,23.8,11.1,4.0,27.26,72.75,0.0
2015-02-03,31.8,23.4,9.4,3.7,26.76,75.0,0.0
2015-02-04,31.6,23.7,6.8,4.2,27.02,81.0,0.0
2015-02-05,29.6,23.0,5.6,2.8,25.92,83.0,0.0
2015-02-06,29.8,23.0,9.6,3.6,26.28,80.5,0.0
2015-02-07,31.4,23.2,7.1,3.4,26.76,81.5,0.0
2015-02-08,32.4,22.7,9.4,2.9,27.2,76.75,0.0
2015-02-09,32.9,22.4,8.9,3.5,27.28,81.25,0.0
2015-02-10,32.4,22.9,4.7,3.2,26.74,81.5,0.0
2015-02-11,32.5,23.8,7.5,2.8,26.54,77.0,0.0
2015-02-12,32.0,23.7,10.6,4.0,26.98,79.75,0.0
2015-02-13,32.4,26.0,8.4,5.2,26.98,80.0,0.0
2015-02-14,32.5,23.6,9.8,2.8,27.22,75.0,0.0
2015-02-16,32.2,23.8,11.0,3.6,27.28,77.75,5.1444
2015-02-17,32.5,23.6,11.0,3.0,26.78,82.5,5.1444
2015-02-18,26.0,21.7,0.0,0.0,23.38,93.25,0.0
2015-02-19,29.4,22.5,0.4,2.2,25.18,88.0,0.0
2015-02-20,29.4,20.7,0.7,2.2,25.46,88.0,0.0
2015-02-21,28.8,22.7,0.0,1.8,24.62,87.0,0.0
2015-02-22,31.0,23.0,6.8,2.0,25.88,86.0,0.0
2015-02-23,30.1,22.9,5.0,3.2,25.16,94.0,0.0
2015-02-24,30.8,22.8,6.1,4.0,25.8,94.0,0.0
2015-02-25,31.6,23.6,11.2,3.8,27.12,86.0,0.0
2015-02-26,32.4,23.0,11.4,3.2,27.08,83.0,0.0
2015-02-27,32.6,23.1,11.2,3.2,27.06,80.0,0.0
2015-02-28,31.7,23.1,8.2,3.0,26.68,78.0,0.0
2015-03-01,32.0,22.9,8.6,3.2,26.9,80.0,0.0
2015-03-02,31.0,23.9,9.4,3.0,26.46,79.0,0.0
2015-03-03,31.8,23.6,9.2,2.6,27.12,82.75,0.0
2015-03-04,31.0,22.9,9.2,2.6,26.62,81.5,0.0
2015-03-05,31.4,23.1,4.6,3.0,26.74,79.5,0.0
2015-03-06,31.2,24.2,4.8,2.6,26.52,86.5,0.0
2015-03-07,31.8,23.3,10.6,3.2,27.1,80.25,0.0
2015-03-08,31.4,23.1,5.0,2.6,26.18,81.5,0.0
2015-03-09,30.0,23.1,4.5,1.5,25.9,84.0,0.0
2015-03-10,31.2,23.9,9.1,3.6,26.26,82.75,0.0
2015-03-11,31.9,24.2,10.8,2.6,27.34,76.0,0.0
2015-03-12,31.9,23.1,6.0,3.0,27.0,80.25,0.0
2015-03-13,31.0,24.1,3.1,2.6,26.78,82.75,0.0
2015-03-14,31.6,23.8,3.1,2.4,26.68,84.0,0.0
2015-03-15,31.6,23.1,10.4,3.2,26.9,79.75,0.0
2015-03-16,31.6,23.5,9.1,3.2,27.34,78.75,0.0
2015-03-17,31.8,24.3,9.6,3.4,27.5,75.5,0.0
2015-03-18,32.0,24.1,10.5,4.2,27.58,74.5,0.0
2015-03-19,30.8,23.5,8.3,3.1,27.02,78.25,0.0
2015-03-20,30.4,23.6,5.6,3.9,27.16,80.75,0.0
2015-03-21,32.0,24.2,7.2,2.8,27.28,80.5,0.0
2015-03-22,30.8,23.8,5.9,3.0,26.8,85.0,0.0
2015-03-23,31.3,23.3,7.3,3.2,27.36,82.25,0.0
2015-03-24,31.4,23.7,8.4,3.1,27.54,77.0,0.0
2015-03-25,31.9,24.2,7.8,2.7,27.22,79.75,0.0
2015-03-26,31.4,24.2,8.5,3.8,27.32,74.75,0.0
2015-03-27,32.4,23.5,9.3,3.1,27.66,76.25,0.0
2015-03-28,31.0,23.8,10.7,3.1,26.76,81.75,0.0
2015-03-29,32.0,24.1,10.2,4.0,27.38,78.0,0.0
2015-03-30,30.8,22.7,10.1,3.0,26.94,78.0,0.0
2015-03-31,30.8,22.6,10.2,3.2,27.24,77.75,0.0
2015-04-01,30.8,23.5,10.1,3.2,27.22,80.5,0.0
2015-04-02,31.0,23.8,9.0,4.0,27.12,82.75,0.0
2015-04-03,30.9,23.7,9.9,3.6,26.56,79.5,0.0
2015-04-04,31.4,24.2,10.0,3.6,27.0,81.75,0.0
2015-04-05,32.2,23.5,9.3,3.6,27.46,74.5,0.0
2015-04-06,33.0,23.3,10.4,2.9,28.1,78.75,0.0
2015-04-07,35.4,24.2,10.0,3.7,29.12,74.25,0.0
2015-04-08,35.6,24.6,9.0,3.3,29.24,75.5,0.0
2015-04-09,32.6,24.2,10.2,3.1,28.32,74.5,0.0
2015-04-10,33.8,23.9,10.3,3.2,28.18,74.75,0.0
2015-04-11,33.0,23.6,9.3,4.0,27.96,73.5,0.0
2015-04-12,32.8,23.0,6.3,3.5,27.68,77.0,0.0
2015-04-13,32.4,22.5,8.1,2.7,27.3,81.25,0.0
2015-04-14,31.7,23.3,9.1,3.1,27.56,79.75,0.0
2015-04-15,31.4,24.2,9.8,3.1,27.44,80.75,0.0
2015-04-16,31.6,24.3,10.2,4.2,27.22,79.5,0.0
2015-04-17,33.0,23.2,10.6,3.2,28.08,75.5,0.0
2015-04-18,31.4,22.7,3.1,3.1,27.36,73.5,0.0
2015-04-19,31.0,22.8,10.6,4.1,27.26,75.5,0.0
2015-04-20,31.7,22.7,8.8,2.0,26.84,79.75,0.0
2015-04-21,31.6,23.3,10.2,3.4,27.22,78.25,0.0
2015-04-22,33.4,24.3,10.0,4.0,28.18,74.75,0.0
2015-04-23,32.2,23.6,5.7,2.6,26.8,80.75,0.0
2015-04-24,32.6,24.2,9.9,3.8,27.48,76.0,0.0
2015-04-25,32.8,23.8,10.0,3.6,27.72,75.25,0.0
2015-04-26,31.8,23.2,10.2,3.4,27.44,73.0,0.0
2015-04-27,33.4,23.6,9.8,2.4,28.04,73.5,0.0
2015-04-28,32.4,23.2,10.3,4.2,27.48,78.25,0.0
2015-04-29,32.8,23.8,10.4,3.8,27.4,79.25,0.0
2015-04-30,32.6,23.7,10.3,3.2,27.7,77.5,0.0
2015-05-01,33.1,24.1,9.0,3.8,28.48,72.25,0.0
2015-05-02,32.0,24.2,4.8,3.2,27.82,73.75,0.0
2015-05-03,31.2,22.8,3.8,3.9,26.48,85.25,0.0
2015-05-04,30.8,22.3,4.4,2.5,25.46,93.75,0.0
2015-05-05,32.5,23.5,9.6,2.6,27.56,78.5,0.0
2015-05-06,32.0,23.1,9.8,3.4,27.26,79.75,0.0
2015-05-07,31.2,24.2,9.0,3.6,26.88,78.5,0.0
2015-05-08,31.6,23.3,10.4,3.4,27.82,79.0,0.0
2015-05-09,33.0,24.3,10.0,3.6,28.44,77.25,0.0
2015-05-10,28.8,22.5,8.3,4.0,26.22,77.25,0.0
2015-05-11,31.6,23.1,8.9,3.2,26.66,81.25,0.0
2015-05-12,30.7,22.5,9.4,3.1,26.64,82.5,0.0
2015-05-13,31.4,22.6,10.4,3.1,27.08,78.0,0.0
2015-05-14,31.4,23.5,7.6,4.0,26.86,79.0,0.0
2015-05-15,31.0,23.3,8.8,3.6,26.74,77.0,0.0
2015-05-16,32.1,23.0,9.7,3.8,27.68,73.0,0.0
2015-05-17,32.2,22.0,9.9,3.7,27.2,78.75,0.0
2015-05-18,30.4,22.3,8.1,3.5,26.06,85.75,0.0
2015-05-19,30.0,23.5,7.5,2.2,25.98,85.5,0.0
2015-05-20,30.3,23.4,9.2,1.8,26.38,81.5,0.0
2015-05-21,30.6,23.6,6.1,2.8,26.56,83.0,0.0
2015-05-22,28.0,23.1,0.7,2.4,25.58,86.25,0.0
2015-05-23,28.1,21.7,6.7,3.6,25.7,80.75,0.0
2015-05-24,29.0,22.0,5.7,3.1,26.2,76.25,0.0
2015-05-25,30.5,22.9,10.1,2.1,26.36,88.25,0.0
2015-05-26,30.6,23.3,6.2,2.2,25.7,85.5,0.0
2015-05-27,30.4,22.6,7.4,2.2,26.08,83.0,0.0
2015-05-28,30.6,23.3,0.0,2.4,25.98,91.0,0.0
2015-05-29,28.0,21.9,7.4,3.0,25.48,82.0,0.0
2015-05-30,27.8,21.5,6.2,2.2,25.28,83.5,0.0
2015-05-31,28.6,22.1,9.7,3.1,25.9,81.0,0.0
2015-06-01,30.8,22.6,8.0,2.1,25.68,85.5,0.0
2015-06-02,29.8,23.0,9.1,2.4,26.0,85.5,0.0
2015-06-03,29.8,22.6,5.2,1.8,25.6,83.5,0.0
2015-06-04,31.8,22.8,8.8,3.0,26.68,84.5,0.0
2015-06-05,27.0,23.5,6.7,2.4,25.46,85.75,0.0
2015-06-06,28.0,21.3,7.7,3.0,25.54,80.5,0.0
2015-06-07,27.7,21.7,4.4,2.9,25.46,78.0,0.0
2015-06-08,29.2,22.5,8.1,1.5,25.54,85.25,0.0
2015-06-09,29.0,22.5,8.1,2.4,25.74,88.0,0.0
2015-06-10,30.0,22.4,9.5,2.8,25.68,87.25,0.0
2015-06-11,27.4,22.5,4.4,1.2,24.74,88.5,0.0
2015-06-12,26.8,23.0,1.5,2.8,24.44,89.0,0.0
2015-06-13,27.8,21.3,6.6,2.2,24.96,83.0,0.0
2015-06-14,28.1,22.1,9.2,3.0,25.22,84.25,0.0
2015-06-15,28.9,22.1,4.5,2.2,25.24,88.75,0.0
2015-06-16,29.0,20.0,8.5,2.1,25.12,86.75,0.0
2015-06-17,29.8,20.4,8.7,2.9,24.76,86.5,0.0
2015-06-18,27.8,22.0,0.0,2.0,24.04,90.5,0.0
2015-06-19,28.0,23.1,5.2,3.7,25.86,78.0,0.0
2015-06-20,28.9,22.5,8.0,3.4,25.6,80.25,0.0
2015-06-21,27.8,21.7,4.8,2.2,24.88,85.25,0.0
2015-06-22,28.7,22.1,0.6,2.4,25.2,89.0,0.0
2015-06-23,28.7,22.1,1.7,2.4,24.6,89.5,0.0
2015-06-24,28.4,21.6,2.6,1.6,24.2,90.5,0.0
2015-06-25,26.4,21.8,0.3,2.0,23.8,91.0,0.0
2015-06-26,27.4,23.4,7.4,1.6,25.28,80.0,0.0
2015-06-27,27.6,22.0,6.4,3.0,25.56,75.5,0.0
2015-06-28,27.4,22.1,2.2,2.5,24.8,80.5,0.0
2015-06-29,26.8,21.4,0.0,1.7,23.64,94.0,0.0
2015-06-30,27.2,22.0,0.7,2.0,23.26,97.5,0.0
2015-07-01,28.0,22.8,8.4,2.6,25.0,86.0,0.0
2015-07-02,26.5,22.4,0.0,1.2,23.86,93.75,0.0
2015-07-03,26.6,22.8,2.5,2.8,24.4,88.5,0.0
2015-07-04,26.0,22.6,0.0,2.0,23.86,87.75,0.0
2015-07-05,28.6,22.0,9.3,2.2,25.28,77.5,0.0
2015-07-06,28.6,22.8,5.8,2.4,24.58,87.5,0.0
2015-07-07,28.7,22.8,1.5,2.2,24.22,93.0,0.0
2015-07-08,29.6,22.7,4.9,2.4,25.22,87.25,0.0
2015-07-09,29.0,23.0,9.6,3.0,25.16,83.75,0.0
2015-07-10,28.4,22.6,9.8,3.0,25.64,77.75,0.0
2015-07-11,28.8,23.0,10.3,3.1,25.58,81.75,0.0
2015-07-12,29.3,23.0,8.6,3.1,25.9,77.75,0.0
2015-07-13,28.9,23.2,7.7,2.2,25.44,85.75,0.0
2015-07-14,29.2,21.8,7.9,2.6,25.58,83.5,0.0
2015-07-15,28.6,22.9,4.5,2.0,24.7,89.25,0.0
2015-07-16,27.8,22.5,6.3,2.0,24.9,88.25,0.0
2015-07-17,27.2,22.7,7.4,2.2,24.86,79.25,0.0
2015-07-18,27.3,22.8,6.0,3.1,24.9,79.0,0.0
2015-07-19,27.9,22.3,9.6,2.8,25.1,83.5,0.0
2015-07-20,27.9,22.7,2.1,1.7,24.2,90.25,0.0
2015-07-21,27.8,23.2,0.3,2.3,24.56,91.0,0.0
2015-07-22,25.9,22.3,0.2,2.1,24.58,94.5,0.0
2015-07-23,26.2,21.6,0.6,1.6,23.3,93.75,0.0
2015-07-24,27.6,23.2,8.4,2.2,25.36,80.0,0.0
2015-07-25,27.9,23.4,3.9,3.2,24.88,84.25,0.0
2015-07-26,27.4,23.1,0.5,3.8,24.7,84.5,0.0
2015-07-27,27.8,23.4,2.4,3.4,24.4,88.75,0.0
2015-07-28,28.4,23.5,0.5,2.6,25.62,85.75,0.0
2015-07-29,25.7,22.3,0.0,1.2,23.12,96.0,0.0
2015-07-30,27.4,22.0,7.5,2.8,24.68,83.25,0.0
2015-07-31,27.1,22.7,3.1,2.2,24.84,83.5,0.0
2015-08-01,27.8,22.6,3.2,2.8,24.88,82.25,0.0
2015-08-02,27.9,23.2,8.7,2.2,25.78,77.25,0.0
2015-08-03,27.8,22.8,5.9,2.4,24.8,85.25,0.0
2015-08-04,27.8,21.8,8.6,3.2,25.08,84.25,0.0
2015-08-05,28.2,20.2,7.0,1.8,23.68,91.5,0.0
2015-08-06,27.4,22.7,8.4,3.6,25.2,80.75,0.0
2015-08-07,27.7,22.5,6.4,3.0,25.02,81.75,0.0
2015-08-08,28.1,22.1,8.3,3.1,25.36,79.0,0.0
2015-08-09,28.4,22.3,4.3,2.9,25.16,88.0,0.0
2015-08-10,27.6,21.5,7.6,2.6,24.38,87.5,0.0
2015-08-11,27.8,22.3,7.6,1.8,24.98,88.25,0.0
2015-08-12,27.2,22.4,7.5,2.4,24.48,80.5,0.0
2015-08-13,26.6,21.9,3.5,2.6,24.38,79.0,0.0
2015-08-14,26.8,21.7,5.1,3.0,24.26,79.0,0.0
2015-08-15,27.3,21.4,7.5,2.8,24.54,81.5,0.0
2015-08-16,28.0,22.0,5.2,2.3,24.36,83.0,0.0
2015-08-17,28.8,22.2,9.6,2.3,25.0,89.0,0.0
2015-08-18,28.6,23.1,10.0,2.0,25.86,86.75,0.0
2015-08-19,28.8,22.9,1.6,2.6,25.26,88.25,0.0
2015-08-20,26.2,21.1,0.0,2.2,23.04,93.25,0.0
2015-08-21,27.4,21.9,5.2,2.2,24.9,82.75,0.0
2015-08-22,27.3,22.1,10.2,3.3,24.72,85.25,0.0
2015-08-23,28.0,22.3,10.1,3.5,25.14,81.0,0.0
2015-08-24,28.8,21.9,10.4,2.8,25.26,83.25,0.0
2015-08-25,28.9,21.8,9.9,2.6,24.9,85.75,0.0
2015-08-26,29.6,21.6,7.9,2.4,25.36,80.0,0.0
2015-08-27,29.2,23.5,10.3,3.0,25.82,86.25,0.0
2015-08-28,28.1,21.9,6.5,3.2,25.4,77.5,0.0
2015-08-29,27.8,22.1,9.6,3.2,25.02,82.25,0.0
2015-08-30,28.6,22.1,6.5,3.2,25.38,82.25,0.0
2015-08-31,28.4,23.1,7.5,3.1,25.9,79.0,0.0
2015-09-01,28.2,21.8,0.1,2.1,24.24,89.75,0.0
2015-09-02,30.0,20.8,10.2,3.0,24.72,87.0,0.0
2015-09-03,27.8,22.1,4.2,2.0,24.62,85.25,0.0
2015-09-04,27.7,21.2,4.6,2.6,25.34,80.75,0.0
2015-09-05,28.8,22.5,10.8,3.2,25.84,80.25,0.0
2015-09-06,29.3,22.8,10.3,3.7,26.16,78.75,0.0
2015-09-07,29.6,21.4,9.5,3.1,25.8,79.25,0.0
2015-09-08,29.6,22.9,8.7,2.6,26.14,76.0,0.0
2015-09-09,29.8,23.1,5.9,2.0,25.9,83.5,0.0
2015-09-10,29.6,22.7,7.4,2.6,25.34,83.75,0.0
2015-09-11,28.7,22.3,1.6,2.2,25.12,83.0,0.0
2015-09-12,28.6,22.1,9.6,3.2,25.58,81.5,0.0
2015-09-13,28.6,22.3,7.4,3.6,25.44,81.5,0.0
2015-09-14,29.6,23.7,6.0,3.2,26.22,83.0,0.0
2015-09-15,29.6,23.4,10.1,3.1,26.16,81.25,0.0
2015-09-16,29.8,23.6,10.0,3.0,25.76,78.75,0.0
2015-09-17,27.2,22.7,3.0,3.6,24.42,88.5,0.0
2015-09-18,28.9,22.3,8.7,3.4,25.68,75.75,0.0
2015-09-19,28.9,22.4,10.0,3.7,25.62,78.0,0.0
2015-09-20,29.1,22.8,10.3,2.3,25.68,77.0,0.0
2015-09-21,29.2,23.1,6.0,3.2,25.7,81.5,0.0
2015-09-22,29.8,23.3,8.5,4.2,26.46,78.75,0.0
2015-09-23,29.9,23.5,9.4,2.2,25.88,82.75,0.0
2015-09-24,29.4,22.5,8.5,3.3,26.0,76.0,0.0
2015-09-25,30.0,22.8,8.2,4.0,26.16,79.5,0.0
2015-09-26,29.4,22.7,9.1,3.1,25.98,78.25,0.0
2015-09-27,29.8,23.1,10.2,3.0,26.26,78.0,0.0
2015-09-28,30.6,22.8,8.5,3.1,26.08,80.25,0.0
2015-09-29,30.2,22.7,10.1,2.8,26.18,79.5,0.0
2015-09-30,30.2,22.3,8.2,2.8,26.02,77.5,0.0
2015-10-01,29.9,24.2,7.8,2.8,26.1,80.25,0.0
2015-10-02,29.6,23.6,6.8,3.0,26.2,75.5,0.0
2015-10-03,29.9,22.3,9.7,4.2,25.92,78.25,0.0
2015-10-04,29.4,22.1,9.1,3.2,25.76,77.75,0.0
2015-10-05,31.0,23.2,10.4,3.0,26.84,77.25,0.0
2015-10-06,31.2,23.3,10.3,3.2,27.1,75.25,0.0
2015-10-07,31.5,23.1,10.5,3.1,26.8,82.25,0.0
2015-10-08,29.0,21.8,2.9,1.7,24.38,87.0,0.0
2015-10-09,29.6,22.8,7.7,3.0,26.4,75.0,0.0
2015-10-10,29.1,22.6,10.4,3.3,25.82,77.5,0.0
2015-10-11,30.0,22.9,9.4,3.7,26.22,78.25,0.0
2015-10-12,30.4,23.7,9.1,3.0,26.5,79.75,0.0
2015-10-13,30.5,23.1,9.3,3.2,26.96,79.25,0.0
2015-10-14,28.6,23.3,3.0,2.2,25.1,87.5,0.0
2015-10-15,28.8,22.1,2.5,2.6,25.18,84.5,0.0
2015-10-16,30.0,22.3,4.4,3.2,26.14,78.5,0.0
2015-10-17,29.6,22.7,9.2,2.8,26.1,79.25,0.0
2015-10-18,29.3,22.9,2.1,3.2,25.68,80.0,0.0
2015-10-19,30.4,23.7,10.4,3.1,26.82,77.0,0.0
2015-10-20,30.5,23.2,10.2,3.1,25.66,82.5,0.0
2015-10-21,29.8,23.0,9.9,4.1,25.88,81.75,0.0
2015-10-22,30.2,22.9,10.3,2.5,25.9,80.5,0.0
2015-10-23,33.0,23.1,8.6,3.2,27.42,72.0,0.0
2015-10-24,31.1,22.6,10.7,2.8,26.62,73.5,0.0
2015-10-25,31.7,22.3,10.9,3.1,26.26,80.5,0.0
2015-10-26,30.1,23.4,10.8,3.1,26.66,71.75,0.0
2015-10-27,30.0,23.0,11.1,2.8,25.94,79.75,0.0
2015-10-28,30.8,23.1,10.3,4.2,26.66,80.0,0.0
2015-10-29,30.6,22.7,8.6,4.2,26.94,77.75,0.0
2015-10-30,31.0,22.3,11.1,3.6,26.38,80.0,0.0
2015-10-31,31.0,22.6,3.8,3.0,26.68,73.0,0.0
2015-11-01,30.4,22.7,10.4,3.2,26.9,76.25,0.0
2015-11-02,30.6,23.2,8.8,2.8,27.0,74.0,0.0
2015-11-03,31.0,23.0,10.2,3.2,25.72,84.75,0.0
2015-11-04,31.2,23.1,10.0,3.0,27.26,76.75,0.0
2015-11-05,30.8,23.5,9.4,3.8,26.38,77.25,0.0
2015-11-06,31.4,23.1,11.1,4.2,26.9,79.5,0.0
2015-11-07,31.6,23.8,10.7,3.2,26.96,77.75,0.0
2015-11-08,32.2,23.5,5.7,2.6,27.28,79.5,0.0
2015-11-09,31.7,23.3,8.8,3.8,26.22,82.25,0.0
2015-11-10,30.4,23.0,9.8,1.2,26.1,81.5,0.0
2015-11-11,31.8,22.2,10.7,3.2,26.68,81.25,0.0
2015-11-12,32.4,21.9,9.9,3.8,27.22,78.5,0.0
2015-11-13,32.5,23.4,10.4,3.6,26.82,78.5,0.0
2015-11-14,32.4,23.5,10.6,3.2,27.7,73.75,0.0
2015-11-15,31.0,23.5,9.7,3.1,26.74,71.75,0.0
2015-11-16,32.4,22.8,9.2,3.5,27.16,78.25,0.0
2015-11-17,29.9,22.9,10.2,3.4,26.36,74.25,0.0
2015-11-18,31.1,21.4,7.0,2.4,26.3,79.25,0.0
2015-11-19,31.8,23.2,9.7,3.2,27.28,77.0,0.0
2015-11-20,32.2,22.3,10.1,4.2,26.88,77.0,0.0
2015-11-21,31.9,23.3,9.9,4.0,26.94,78.75,0.0
2015-11-22,31.8,23.3,10.0,3.2,27.18,75.25,0.0
2015-11-23,32.2,23.3,8.7,3.6,27.64,73.0,0.0
2015-11-24,31.0,22.9,9.4,3.9,27.1,75.0,0.0
2015-11-25,32.4,23.5,10.2,2.9,27.78,75.25,0.0
2015-11-26,33.8,24.4,10.3,3.2,28.36,70.75,0.0
2015-11-27,31.9,23.8,10.1,3.6,27.58,76.25,0.0
2015-11-28,33.9,23.5,9.3,1.4,27.6,76.75,0.0
2015-11-29,33.4,23.3,10.3,3.5,27.94,70.25,0.0
2015-11-30,33.8,23.5,9.9,4.0,28.34,69.0,0.0
2015-12-01,33.9,23.3,8.9,3.2,27.9,72.25,0.0
2015-12-02,32.4,23.4,7.2,2.8,26.68,83.5,0.0
2015-12-03,31.9,22.3,9.8,3.8,27.0,77.25,0.0
2015-12-04,33.8,23.3,10.4,3.6,28.3,70.5,0.0
2015-12-05,33.3,23.7,10.3,4.1,27.8,74.25,0.0
2015-12-06,32.2,23.2,9.7,3.3,27.2,78.0,0.0
2015-12-07,33.2,23.4,10.2,2.8,27.36,76.75,0.0
2015-12-08,32.6,24.4,10.4,2.4,27.96,71.0,0.0
2015-12-09,32.6,23.8,9.3,3.6,27.2,76.75,0.0
2015-12-10,32.9,23.5,9.9,3.1,26.86,80.75,0.0
2015-12-11,31.2,23.1,10.1,3.1,27.48,70.5,0.0
2015-12-12,29.9,22.7,8.5,3.2,26.78,75.0,0.0
2015-12-13,31.4,23.4,9.1,3.0,27.54,74.25,0.0
2015-12-14,31.6,24.1,6.3,3.2,27.22,77.25,0.0
2015-12-15,31.4,24.2,9.2,3.8,27.08,78.0,0.0
2015-12-16,31.2,22.9,7.5,2.8,26.34,83.75,0.0
2015-12-17,31.8,23.1,8.4,3.8,27.2,74.75,0.0
2015-12-18,28.0,22.5,0.2,3.8,24.86,81.0,0.0
2015-12-19,31.7,23.4,5.9,2.4,25.94,82.5,0.0
2015-12-20,29.0,22.3,7.9,3.1,25.54,77.0,0.0
2015-12-21,30.7,23.6,0.2,4.5,26.14,84.0,0.0
2015-12-22,31.0,23.5,5.4,3.2,26.1,85.75,0.0
2015-12-23,31.0,22.9,8.0,3.2,26.26,81.25,0.0
2015-12-24,29.9,24.2,1.5,3.6,26.14,84.0,0.0
2015-12-25,26.4,21.7,0.2,2.0,23.56,93.25,0.0
2015-12-26,29.6,22.3,4.6,3.0,25.86,82.25,0.0
2015-12-27,30.1,23.2,6.0,3.0,26.06,78.75,0.0
2015-12-28,30.2,22.8,6.3,3.4,26.72,78.75,0.0
2015-12-29,28.4,22.5,0.4,2.6,25.74,80.75,0.0
2015-12-30,30.2,23.1,5.3,3.2,26.1,83.25,0.0
2015-12-31,30.6,23.2,7.8,3.2,26.68,76.5,0.0
2016-01-01,31.2,23.4,9.0,3.2,26.44,80.5,0.0
2016-01-02,31.3,23.1,10.0,3.2,26.6,79.5,0.0
2016-01-03,32.4,24.1,10.1,3.6,27.26,76.75,0.0
2016-01-04,33.2,23.6,9.5,3.8,28.04,72.0,0.0
2016-01-05,32.6,23.5,4.5,3.2,27.5,72.25,0.0
2016-01-06,32.4,24.5,1.9,3.2,27.74,71.0,0.0
2016-01-07,32.2,24.4,2.9,2.4,27.48,75.25,0.0
2016-01-08,32.3,24.2,3.3,3.2,27.38,76.75,0.0
2016-01-09,31.0,24.5,0.2,2.6,26.74,82.0,0.0
2016-01-10,29.8,22.4,1.1,2.4,25.6,86.5,0.0
2016-01-11,30.0,23.7,6.7,2.0,26.42,78.0,0.0
2016-01-12,31.0,23.6,7.4,2.6,26.72,79.5,0.0
2016-01-13,30.6,24.2,1.8,3.2,26.76,84.5,0.0
2016-01-14,31.2,23.7,8.0,3.2,27.18,73.75,0.0
2016-01-15,31.4,24.4,8.1,3.6,27.2,76.5,0.0
2016-01-16,31.9,24.2,9.9,4.2,27.26,75.5,0.0
2016-01-17,32.7,24.5,3.6,3.8,27.84,78.0,0.0
2016-01-18,32.0,23.7,4.1,3.0,26.5,81.0,0.0
2016-01-19,31.6,24.2,10.0,3.8,27.08,76.0,0.0
2016-01-20,31.4,23.5,5.7,2.5,26.5,80.0,0.0
2016-01-21,30.4,23.2,2.5,2.7,26.28,85.75,0.0
2016-01-22,30.2,23.8,0.7,3.2,25.8,85.0,0.0
2016-01-23,28.6,22.3,6.0,2.1,25.18,75.0,0.0
2016-01-24,30.6,23.7,9.4,3.0,26.54,78.0,0.0
2016-01-25,30.7,23.5,8.8,2.9,26.48,78.25,0.0
2016-01-26,31.4,23.1,9.8,3.2,26.94,72.75,0.0
2016-01-27,31.2,23.9,6.0,3.0,26.98,75.5,0.0
2016-01-28,31.8,24.4,9.2,3.4,27.08,75.5,0.0
2016-01-29,30.2,24.5,4.3,2.6,26.66,83.75,0.0
2016-01-30,29.8,23.3,4.0,3.6,25.54,85.5,0.0
2016-01-31,28.8,21.8,7.2,3.0,25.44,76.0,0.0
2016-02-01,29.8,22.5,7.1,3.2,26.0,79.5,0.0
2016-02-02,32.0,24.6,7.1,3.4,27.04,80.0,0.0
2016-02-03,31.8,23.3,5.9,3.2,27.04,79.5,0.0
2016-02-04,29.4,21.9,9.2,3.2,25.96,75.75,0.0
2016-02-05,31.2,23.3,9.5,3.4,26.78,75.5,0.0
2016-02-06,29.0,22.1,4.3,2.6,25.78,77.0,0.0
2016-02-07,31.9,24.1,10.0,3.4,27.36,76.0,0.0
2016-02-08,28.6,21.8,6.0,3.6,25.04,79.5,0.0
2016-02-09,31.4,23.6,7.6,3.8,26.68,82.5,0.0
2016-02-10,28.6,22.5,7.5,2.2,25.3,75.25,0.0
2016-02-11,31.0,23.1,9.7,2.9,26.98,74.0,0.0
2016-02-12,33.2,22.9,11.2,2.1,27.34,71.5,0.0
2016-02-13,32.8,23.1,7.3,3.7,27.36,72.0,0.0
2016-02-14,33.2,23.4,10.1,3.3,27.56,72.25,0.0
2016-02-15,32.6,23.3,8.4,3.0,26.78,78.5,0.0
2016-02-16,31.8,24.3,7.7,2.0,26.78,80.0,0.0
2016-02-17,31.6,23.6,11.1,2.3,27.04,73.25,0.0
2016-02-18,31.7,23.7,4.5,3.1,26.72,77.25,0.0
2016-02-19,31.4,23.6,9.0,3.2,26.84,79.5,0.0
2016-02-20,31.5,23.4,10.1,3.1,26.78,76.25,0.0
2016-02-21,29.8,22.9,4.7,3.3,26.26,74.75,0.0
2016-02-22,33.2,23.3,9.0,4.2,27.54,72.75,0.0
2016-02-23,31.7,23.5,9.5,3.2,27.28,72.25,0.0
2016-02-24,31.2,23.8,4.8,3.0,26.72,80.0,0.0
2016-02-25,31.7,23.4,10.9,2.6,27.06,75.0,0.0
2016-02-26,32.8,22.7,8.3,3.2,27.14,74.5,0.0
2016-02-27,32.2,23.8,9.6,3.4,27.6,71.25,0.0
2016-02-28,33.6,23.3,6.4,3.3,27.66,70.25,0.0
2016-02-29,31.4,23.8,8.8,2.6,27.28,75.25,0.0
2016-03-01,33.6,23.5,10.3,3.7,28.02,72.0,0.0
2016-03-02,31.6,23.5,8.1,3.2,27.14,80.5,0.0
2016-03-03,28.0,21.7,1.5,3.8,24.98,78.25,0.0
2016-03-04,32.0,23.8,8.0,3.6,27.48,76.25,0.0
2016-03-05,32.7,24.3,10.5,2.4,27.56,77.25,0.0
2016-03-06,32.6,24.3,4.2,3.0,27.62,77.25,0.0
2016-03-07,29.3,23.4,8.5,3.7,26.62,76.5,0.0
2016-03-08,31.2,24.3,7.7,3.0,27.16,83.25,0.0
2016-03-09,31.3,23.7,7.8,2.6,27.04,76.5,0.0
2016-03-10,31.9,24.2,10.8,4.0,27.46,76.0,0.0
2016-03-11,31.7,24.4,9.8,2.7,27.5,75.25,0.0
2016-03-12,31.9,23.7,10.3,4.0,27.48,72.5,0.0
2016-03-13,33.6,22.8,10.2,3.8,27.48,73.25,0.0
2016-03-14,29.3,23.4,3.3,2.5,26.18,79.0,0.0
2016-03-15,28.8,22.2,1.9,4.3,25.26,81.25,0.0
2016-03-16,32.4,22.9,8.6,2.8,26.62,86.25,0.0
2016-03-17,30.1,23.8,3.8,4.0,26.78,84.25,0.0
2016-03-18,29.2,22.2,8.2,4.2,25.68,77.75,0.0
2016-03-19,29.0,22.7,8.0,3.1,26.28,75.25,0.0
2016-03-20,30.8,22.7,9.2,2.9,26.4,76.5,0.0
2016-03-21,31.6,23.8,8.8,3.0,27.2,77.75,0.0
2016-03-22,31.7,24.2,4.2,3.3,27.58,70.0,0.0
2016-03-23,31.4,23.9,6.6,2.7,27.1,77.25,0.0
2016-03-24,33.6,24.1,9.6,3.2,28.06,73.5,0.0
2016-03-25,29.9,23.6,8.1,3.8,26.78,74.5,0.0
2016-03-26,32.8,23.8,9.7,3.2,27.64,72.25,0.0
2016-03-27,31.6,23.9,6.3,3.8,27.34,78.5,0.0
2016-03-28,29.4,22.3,7.4,2.8,26.18,80.0,0.0
2016-03-29,29.0,23.5,0.4,2.0,25.3,88.25,0.0
2016-03-30,30.8,23.8,6.2,2.2,26.2,85.0,0.0
2016-03-31,29.3,23.7,7.5,3.2,26.16,74.25,0.0
2016-04-01,29.6,23.5,10.8,3.5,26.18,83.0,0.0
2016-04-02,31.8,23.3,8.2,3.0,26.62,79.0,0.0
2016-04-03,29.4,23.2,6.0,2.7,26.24,76.5,0.0
2016-04-04,29.9,23.5,6.3,3.1,26.44,82.0,0.0
2016-04-05,29.4,23.5,5.3,3.0,25.58,87.5,0.0
2016-04-06,31.0,23.8,8.2,3.7,27.0,79.0,0.0
2016-04-07,31.2,23.3,6.8,3.4,26.66,79.0,0.0
2016-04-08,31.4,23.5,10.3,3.6,26.82,75.25,0.0
2016-04-09,31.8,23.2,10.3,3.0,26.7,77.75,0.0
2016-04-10,33.2,23.5,9.8,3.1,27.42,74.75,0.0
2016-04-11,32.4,22.7,9.1,2.6,26.68,81.0,0.0
2016-04-12,30.2,23.8,4.0,3.4,26.68,83.5,0.0
2016-04-13,31.9,23.6,5.7,3.6,27.22,78.25,0.0
2016-04-14,30.3,23.6,3.4,3.4,26.34,86.25,0.0
2016-04-15,28.8,22.1,5.1,2.5,25.1,82.0,0.0
2016-04-16,30.0,23.2,6.3,2.5,26.04,80.25,0.0
2016-04-17,32.8,23.0,7.3,4.1,27.04,75.75,0.0
2016-04-18,29.9,22.2,6.9,2.9,25.6,79.0,0.0
2016-04-19,29.8,23.1,8.6,3.0,26.1,81.0,0.0
2016-04-20,30.4,23.4,4.6,3.2,26.32,87.0,0.0
2016-04-21,31.2,23.6,7.6,2.8,26.68,78.25,0.0
2016-04-22,30.4,23.5,1.0,2.4,25.98,84.25,0.0
2016-04-23,30.4,23.7,4.8,2.6,26.58,79.25,0.0
2016-04-24,31.3,22.7,4.0,2.8,26.5,76.25,0.0
2016-04-25,30.2,23.3,3.4,3.0,26.14,82.0,0.0
2016-04-26,30.6,23.4,5.8,2.2,26.88,83.5,0.0
2016-04-27,30.6,22.3,9.8,3.2,26.06,77.25,0.0
2016-04-28,31.4,23.3,9.5,3.2,27.3,75.5,0.0
2016-04-29,29.4,22.2,7.7,2.6,25.4,79.75,0.0
2016-04-30,31.3,23.0,10.3,3.1,26.82,76.5,0.0
2016-05-01,30.6,22.7,1.5,3.7,25.58,86.5,0.0
2016-05-02,29.6,23.6,5.8,1.6,25.6,87.0,0.0
2016-05-03,31.0,22.9,8.7,2.6,26.5,79.5,0.0
2016-05-04,30.2,22.9,7.6,2.6,26.62,78.0,0.0
2016-05-05,30.4,21.8,5.0,2.8,25.12,86.5,0.0
2016-05-06,29.8,22.3,8.7,2.2,25.74,79.5,0.0
2016-05-07,30.0,21.5,8.5,2.2,25.74,83.25,0.0
2016-05-08,29.2,22.6,8.2,2.7,25.96,77.5,0.0
2016-05-09,28.0,22.1,0.7,2.9,25.02,78.25,0.0
2016-05-10,29.6,22.5,0.3,1.8,25.42,83.25,0.0
2016-05-11,29.4,23.8,1.0,2.3,25.68,86.5,0.0
2016-05-12,30.1,22.7,2.6,3.1,26.4,74.25,0.0
2016-05-13,30.0,23.3,10.3,3.0,26.3,80.75,0.0
2016-05-14,30.8,23.5,8.5,4.0,26.7,80.25,0.0
2016-05-15,29.6,22.7,9.6,3.3,26.0,77.25,0.0
2016-05-16,29.7,23.3,4.5,2.5,25.8,85.25,0.0
2016-05-17,30.9,23.5,8.1,2.0,26.6,83.75,0.0
2016-05-18,30.2,23.2,10.0,1.8,26.76,75.5,0.0
2016-05-19,30.6,22.2,7.7,3.0,25.92,81.0,0.0
2016-05-20,29.0,22.3,6.6,3.4,25.5,80.0,0.0
2016-05-21,30.9,22.2,7.4,3.2,25.78,78.25,0.0
2016-05-22,30.4,22.4,6.1,3.0,25.48,84.0,0.0
2016-05-23,30.7,23.0,7.2,2.4,25.78,87.0,0.0
2016-05-24,30.0,22.4,4.8,2.8,25.24,90.5,0.0
2016-05-25,30.2,23.3,3.7,2.9,25.74,87.75,0.0
2016-05-26,29.8,22.3,9.1,3.1,25.74,82.75,0.0
2016-05-27,28.4,22.0,8.5,2.3,25.28,78.5,0.0
2016-05-28,30.1,22.3,6.2,2.3,25.6,86.75,0.0
2016-05-29,28.0,23.1,0.2,3.0,25.1,85.75,0.0
2016-05-30,27.2,22.3,1.7,1.8,24.34,84.25,0.0
2016-05-31,28.8,22.0,6.4,2.2,24.92,80.5,0.0
2016-06-01,28.9,21.9,6.5,2.2,24.8,86.0,0.0
2016-06-02,26.9,22.2,0.6,1.8,24.26,93.5,0.0
2016-06-03,27.8,23.1,2.7,2.2,24.98,87.5,0.0
2016-06-04,29.3,22.2,8.1,2.8,25.36,80.75,0.0
2016-06-05,28.1,23.3,5.3,2.1,25.36,80.5,0.0
2016-06-06,30.2,23.1,6.2,2.7,25.22,91.25,0.0
2016-06-07,30.6,23.3,9.2,2.4,26.18,83.25,0.0
2016-06-08,29.8,23.2,9.2,2.8,25.8,81.5,0.0
2016-06-09,30.8,23.4,9.3,4.2,26.64,78.75,0.0
2016-06-10,31.0,22.4,9.3,2.8,26.84,75.0,0.0
2016-06-11,31.2,23.4,10.5,3.0,26.72,77.75,0.0
2016-06-12,29.4,22.9,8.6,2.8,26.08,77.5,0.0
2016-06-13,30.8,20.8,9.7,2.0,25.16,83.25,0.0
2016-06-14,30.0,20.8,3.5,2.0,25.16,91.0,0.0
2016-06-15,30.0,22.1,3.5,3.1,24.7,90.25,0.0
2016-06-16,29.8,22.9,8.0,1.7,25.22,90.0,0.0
2016-06-17,28.8,23.0,7.7,2.4,25.64,78.75,0.0
2016-06-18,30.2,22.9,9.4,3.2,25.3,89.0,0.0
2016-06-19,29.5,22.2,6.8,3.6,25.5,86.75,0.0
2016-06-20,28.8,22.7,2.1,1.5,25.86,79.25,0.0
2016-06-21,28.3,20.7,6.9,2.7,24.48,81.0,0.0
2016-06-22,28.9,23.0,3.7,2.8,25.78,79.5,0.0
2016-06-23,28.1,22.4,6.3,2.2,25.18,84.75,0.0
2016-06-24,28.8,22.5,4.9,2.8,24.7,93.25,0.0
2016-06-25,29.0,22.9,6.6,2.6,24.86,91.25,0.0
2016-06-26,28.8,22.0,10.2,2.6,25.24,81.75,0.0
2016-06-27,28.9,22.6,6.0,3.2,25.1,89.0,0.0
2016-06-28,27.7,20.8,4.6,1.8,23.72,87.0,0.0
2016-06-29,28.6,22.3,9.3,3.0,25.22,81.75,0.0
2016-06-30,29.2,22.0,6.8,3.4,25.46,79.25,0.0
2016-07-01,28.8,20.0,7.4,2.4,24.56,89.25,0.0
2016-07-02,28.0,22.2,1.4,2.0,24.6,84.75,0.0
2016-07-03,28.6,22.8,9.3,2.2,25.36,86.5,0.0
2016-07-04,28.2,22.6,7.3,3.2,25.16,84.25,0.0
2016-07-05,26.6,21.5,3.5,1.2,23.62,89.0,0.0
2016-07-06,28.0,23.2,8.3,3.0,25.0,89.5,0.0
2016-07-07,28.2,22.0,5.0,2.6,24.6,87.25,0.0
2016-07-08,28.8,22.3,9.7,3.1,25.22,82.25,0.0
2016-07-09,29.2,22.8,6.7,2.7,25.4,86.75,0.0
2016-07-10,29.6,22.3,8.2,3.2,25.76,77.25,0.0
2016-07-11,28.2,22.1,0.3,2.4,24.5,95.25,0.0
2016-07-12,25.3,21.9,0.6,2.0,23.84,94.0,0.0
2016-07-13,28.0,22.6,3.7,2.4,25.08,85.5,0.0
2016-07-14,27.9,20.7,1.1,2.2,24.16,84.5,0.0
2016-07-15,28.2,21.1,7.8,2.6,24.18,90.0,0.0
2016-07-16,28.8,22.7,10.2,3.0,25.42,83.0,0.0
2016-07-17,29.3,22.3,9.6,2.4,25.72,79.5,0.0
2016-07-18,29.4,23.0,9.6,3.2,25.74,81.5,0.0
2016-07-19,28.6,21.3,1.5,0.8,24.22,93.75,0.0
2016-07-20,29.6,21.1,9.5,3.2,25.02,83.75,0.0
2016-07-21,29.7,21.4,9.6,3.2,25.06,84.5,0.0
2016-07-22,29.8,22.3,8.0,2.0,25.02,82.0,0.0
2016-07-23,30.1,20.1,10.4,2.2,24.68,83.75,0.0
2016-07-24,29.0,23.1,7.5,2.4,25.8,79.5,0.0
2016-07-25,29.8,22.7,10.2,3.6,25.64,80.0,0.0
2016-07-26,30.9,23.2,6.9,3.4,26.42,77.75,0.0
2016-07-27,30.8,22.6,8.3,3.0,25.16,93.25,0.0
2016-07-28,28.2,20.0,1.5,3.0,23.92,86.25,0.0
2016-07-29,28.6,19.9,3.6,3.2,23.98,85.25,0.0
2016-07-30,28.0,22.7,3.5,0.8,24.7,91.75,0.0
2016-07-31,29.0,22.1,7.8,2.4,24.9,84.75,0.0
2016-08-01,29.4,23.5,6.0,2.6,25.9,80.25,0.0
2016-08-02,29.9,22.7,4.3,3.0,25.66,80.0,0.0
2016-08-03,30.4,23.2,9.4,2.9,25.58,84.75,0.0
2016-08-04,30.3,23.1,9.1,2.0,25.44,87.75,0.0
2016-08-05,30.4,23.1,8.7,2.3,25.26,92.0,0.0
2016-08-06,28.6,22.9,7.8,3.2,24.98,89.75,0.0
2016-08-07,28.4,22.1,2.9,2.6,25.06,82.0,0.0
2016-08-08,29.1,22.7,7.7,2.3,25.74,79.75,0.0
2016-08-09,30.8,22.8,5.6,3.1,26.26,77.25,0.0
2016-08-10,30.6,23.6,7.9,3.6,26.12,85.75,0.0
2016-08-11,30.8,20.6,6.5,2.8,25.44,85.25,0.0
2016-08-12,29.6,21.8,10.0,2.8,25.24,82.75,0.0
2016-08-13,29.0,21.0,4.1,2.2,24.68,85.0,0.0
2016-08-14,28.8,22.1,10.1,3.1,25.28,80.75,0.0
2016-08-15,28.2,19.5,7.8,3.4,24.5,77.25,0.0
2016-08-16,30.2,20.3,8.9,3.5,25.46,84.25,0.0
2016-08-17,29.8,20.3,8.8,3.8,24.94,85.0,0.0
2016-08-18,29.4,20.0,9.3,2.2,25.0,79.0,0.0
2016-08-19,27.7,21.7,1.5,2.9,24.4,81.25,0.0
2016-08-20,28.8,23.1,2.7,2.8,25.42,87.0,0.0
2016-08-21,29.6,22.2,10.3,2.3,25.12,81.5,0.0
2016-08-22,29.9,22.8,7.7,2.9,26.04,78.25,0.0
2016-08-23,30.2,23.3,8.9,2.3,26.06,81.75,0.0
2016-08-24,29.8,21.8,8.7,2.9,25.48,83.0,0.0
2016-08-25,30.0,22.0,10.4,2.9,25.8,75.75,0.0
2016-08-26,28.4,21.3,7.6,3.2,24.94,84.5,0.0
2016-08-27,29.3,22.7,7.1,2.8,24.82,87.0,0.0
2016-08-28,29.6,21.7,7.0,3.0,25.42,71.0,0.0
2016-08-29,28.8,22.5,8.4,2.0,25.02,81.25,0.0
2016-08-30,28.9,22.7,3.5,2.8,25.16,87.0,0.0
2016-08-31,28.8,22.3,0.3,2.2,24.74,82.25,0.0
2016-09-01,29.6,22.8,9.3,3.0,25.4,85.25,0.0
2016-09-02,29.9,21.7,8.6,3.0,25.72,82.0,0.0
2016-09-03,29.4,22.0,5.8,2.8,25.38,81.25,0.0
2016-09-04,28.9,21.8,3.0,2.2,24.9,80.75,0.0
2016-09-05,28.3,21.7,8.0,1.9,24.64,83.25,0.0
2016-09-06,28.4,20.2,5.3,2.0,23.74,88.25,0.0
2016-09-07,28.3,22.8,5.7,1.3,24.46,89.0,0.0
2016-09-08,30.0,20.3,10.6,2.4,24.9,80.25,0.0
2016-09-09,28.5,19.7,8.7,2.4,23.8,86.5,0.0
2016-09-10,29.2,22.8,8.1,2.2,24.72,88.75,0.0
2016-09-11,27.6,22.2,3.7,2.0,24.36,86.25,0.0
2016-09-12,28.8,22.2,10.9,2.8,25.68,79.0,0.0
2016-09-13,29.4,22.8,9.0,3.0,25.16,82.0,0.0
2016-09-14,29.5,19.7,10.3,2.8,24.64,82.5,0.0
2016-09-15,29.6,23.1,8.5,2.1,25.7,83.5,0.0
2016-09-16,29.7,23.0,10.0,2.7,25.7,84.75,0.0
2016-09-17,29.8,20.8,8.2,2.8,25.12,82.25,0.0
2016-09-18,28.1,21.0,8.1,2.6,23.84,89.5,0.0
2016-09-19,31.2,23.0,10.3,3.8,26.36,76.0,0.0
2016-09-20,32.1,23.2,6.9,3.2,26.82,76.25,0.0
2016-09-21,28.5,23.2,9.4,3.1,25.4,83.25,0.0
2016-09-22,29.6,23.2,8.2,2.9,25.84,83.5,0.0
2016-09-23,29.8,22.6,10.1,4.0,25.48,80.25,0.0
2016-09-24,30.2,23.6,9.5,4.0,26.7,77.75,0.0
2016-09-25,30.0,23.5,9.6,2.6,25.86,84.5,0.0
2016-09-26,30.2,23.6,9.7,2.8,25.8,78.75,0.0
2016-09-27,30.4,23.4,8.1,3.2,25.84,79.25,0.0
2016-09-28,30.6,21.8,6.2,2.6,25.88,80.0,0.0
2016-09-29,30.2,23.6,8.2,3.0,25.92,79.5,0.0
2016-09-30,29.3,22.9,6.5,2.2,24.8,87.25,0.0
2016-10-01,30.7,23.5,9.4,3.2,25.88,80.5,0.0
2016-10-02,30.9,22.9,8.6,2.8,26.12,79.0,0.0
2016-10-03,31.8,22.6,7.1,2.4,26.5,76.5,0.0
2016-10-04,31.9,23.3,10.2,3.2,26.68,81.75,0.0
2016-10-05,32.0,23.5,11.0,3.2,27.26,83.75,0.0
2016-10-06,33.0,23.7,10.7,3.0,27.66,71.25,0.0
2016-10-07,32.4,23.2,10.6,3.4,26.92,79.0,0.0
2016-10-08,33.8,23.4,9.0,2.8,26.92,75.5,0.0
2016-10-09,33.1,23.3,10.2,3.0,26.84,76.25,0.0
2016-10-10,32.4,23.3,10.1,3.0,26.86,78.0,0.0
2016-10-11,29.9,23.8,9.1,3.2,26.3,80.5,0.0
2016-10-12,31.4,22.6,9.7,3.8,26.18,78.75,0.0
2016-10-13,30.0,23.3,4.2,3.2,25.46,86.25,0.0
2016-10-14,29.5,24.1,10.1,2.8,26.12,79.25,0.0
2016-10-15,30.1,22.7,10.7,2.7,25.78,79.0,0.0
2016-10-16,33.0,22.9,11.4,4.3,26.98,75.75,0.0
2016-10-17,30.9,23.5,10.3,2.6,26.72,80.25,0.0
2016-10-18,31.0,22.6,8.2,2.8,26.36,79.0,0.0
2016-10-19,31.2,22.2,10.6,3.6,26.52,78.25,0.0
2016-10-20,30.7,21.8,10.2,3.2,26.22,80.0,0.0
2016-10-21,33.4,22.8,7.0,2.8,27.36,73.25,0.0
2016-10-22,32.6,23.2,7.7,3.0,26.92,78.75,0.0
2016-10-23,33.6,23.2,5.9,3.2,27.44,74.0,0.0
2016-10-24,29.9,22.7,9.2,2.8,25.82,77.25,0.0
2016-10-25,29.3,22.5,6.9,3.0,25.24,83.0,0.0
2016-10-26,30.2,23.4,10.6,3.2,25.84,80.0,0.0
2016-10-27,33.7,22.7,10.5,3.2,26.98,75.75,0.0
2016-10-28,33.8,23.3,11.1,4.4,27.18,78.5,0.0
2016-10-29,31.8,22.5,10.2,3.2,26.24,79.5,0.0
2016-10-30,33.4,23.5,10.5,3.0,27.08,74.5,0.0
2016-10-31,33.3,23.3,9.6,3.2,26.68,83.75,0.0
2016-11-01,32.4,23.5,9.8,3.2,26.9,78.5,0.0
2016-11-02,32.2,23.0,10.6,3.4,26.2,78.25,0.0
2016-11-03,31.4,23.2,2.9,2.2,26.04,85.0,0.0
2016-11-04,30.2,23.8,9.8,3.0,26.32,78.0,0.0
2016-11-05,29.9,23.4,10.3,3.4,25.86,83.0,0.0
2016-11-06,31.6,22.8,7.9,5.4,26.4,82.0,0.0
2016-11-07,32.7,23.0,10.3,3.2,26.34,81.0,0.0
2016-11-08,29.7,22.1,6.5,3.4,25.8,82.75,0.0
2016-11-09,30.0,23.8,6.2,3.4,25.84,78.0,0.0
2016-11-10,29.8,22.7,6.6,2.4,25.66,84.75,0.0
2016-11-11,29.8,22.8,9.9,3.2,25.48,83.0,0.0
2016-11-12,30.2,23.5,7.5,3.0,26.78,79.5,0.0
2016-11-13,33.6,22.9,10.4,3.1,27.5,70.5,0.0
2016-11-14,32.0,23.2,10.0,3.9,26.68,77.75,0.0
2016-11-15,29.2,22.5,9.0,2.3,25.3,92.25,0.0
2016-11-16,30.5,23.2,8.9,2.6,26.5,80.0,0.0
2016-11-17,31.6,23.6,6.0,3.8,26.48,81.0,0.0
2016-11-18,32.2,23.4,9.4,3.1,26.56,82.5,0.0
2016-11-19,31.6,23.0,9.2,3.2,26.46,78.75,0.0
2016-11-20,32.9,23.4,8.2,3.0,27.3,74.5,0.0
2016-11-21,32.8,23.3,9.8,3.2,27.14,77.0,0.0
2016-11-22,31.0,23.4,10.0,2.8,26.44,76.25,0.0
2016-11-23,31.4,23.1,6.5,3.0,26.38,77.25,0.0
2016-11-24,33.0,23.3,9.6,3.2,27.18,77.25,0.0
2016-11-25,31.6,23.3,10.1,2.6,26.98,74.75,0.0
2016-11-26,32.8,23.5,9.3,3.6,26.94,76.5,0.0
2016-11-27,32.4,23.4,7.0,2.8,26.52,82.25,0.0
2016-11-28,33.0,23.5,9.3,3.2,27.26,75.0,0.0
2016-11-29,31.9,23.2,9.6,4.0,26.7,78.0,0.0
2016-11-30,32.8,23.6,9.2,3.2,27.32,77.75,0.0
2016-12-01,32.1,23.8,8.8,3.2,26.5,75.0,0.0
2016-12-02,32.4,23.5,9.3,3.6,27.02,78.5,0.0
2016-12-03,32.4,23.6,9.2,3.8,27.2,75.5,0.0
2016-12-04,33.8,23.5,10.5,3.2,27.66,73.5,0.0
2016-12-05,33.8,23.6,10.1,3.4,27.72,70.75,0.0
2016-12-06,33.7,23.7,9.9,3.4,27.12,78.0,0.0
2016-12-07,32.8,24.1,10.1,2.6,27.5,71.75,0.0
2016-12-08,33.1,23.7,9.4,3.4,27.48,76.5,0.0
2016-12-09,33.2,23.7,9.6,2.6,27.98,70.25,0.0
2016-12-10,33.0,23.7,9.3,3.6,27.36,74.75,0.0
2016-12-11,31.8,23.5,9.8,3.1,26.98,75.75,0.0
2016-12-12,33.3,23.1,6.3,3.5,26.58,79.0,0.0
2016-12-13,32.3,23.6,10.0,3.4,27.42,71.75,0.0
2016-12-14,32.8,22.5,10.2,4.2,27.46,74.0,0.0
2016-12-15,32.4,23.5,7.4,2.1,26.98,78.75,0.0
2016-12-16,32.8,23.3,4.3,3.7,26.9,76.75,0.0
2016-12-17,32.6,23.4,7.7,3.2,26.56,81.75,0.0
2016-12-18,32.4,23.6,3.2,3.0,26.6,83.5,0.0
2016-12-19,29.2,22.5,0.0,3.8,25.62,79.0,0.0
2016-12-20,28.9,23.0,0.2,3.3,25.4,80.25,0.0
2016-12-21,28.6,22.1,5.2,2.7,24.98,82.25,0.0
2016-12-22,30.0,22.9,7.2,3.6,26.06,81.5,0.0
2016-12-23,32.1,23.6,10.2,3.0,26.98,77.0,0.0
2016-12-24,32.4,23.3,8.7,3.4,26.26,83.75,0.0
2016-12-25,31.2,23.5,4.2,3.0,26.42,80.75,0.0
2016-12-26,31.2,23.8,9.3,3.6,26.56,76.5,0.0
2016-12-27,31.0,23.6,9.0,3.4,26.52,79.75,0.0
2016-12-28,30.4,24.2,6.5,3.6,26.64,76.75,0.0
2016-12-29,29.4,23.2,6.5,3.0,26.36,75.0,0.0
2016-12-30,31.2,23.5,8.7,3.4,26.62,79.5,0.0
2016-12-31,31.3,23.5,8.3,3.6,26.48,79.75,0.0
2017-01-01,32.4,23.1,9.7,3.0,26.3,80.25,0.0
2017-01-02,33.6,23.4,8.0,3.2,27.6,77.75,0.0
2017-01-03,32.4,23.1,10.2,3.8,26.66,77.75,0.0
2017-01-04,34.0,23.4,5.2,3.4,28.08,76.25,0.0
2017-01-05,31.9,23.8,7.7,3.6,26.98,75.0,0.0
2017-01-06,32.2,23.2,6.4,3.1,26.6,81.0,0.0
2017-01-07,29.8,22.7,1.0,2.9,25.6,82.0,0.0
2017-01-08,29.2,22.1,9.7,2.8,25.22,81.5,0.0
2017-01-09,31.8,22.4,8.8,2.2,26.36,78.75,0.0
2017-01-10,30.2,22.4,4.3,3.8,25.72,82.0,0.0
2017-01-11,31.7,23.5,6.5,2.2,26.96,75.5,0.0
2017-01-12,31.9,23.3,9.2,3.4,26.84,75.5,0.0
2017-01-13,32.4,23.1,9.4,3.6,27.28,73.5,0.0
2017-01-14,33.2,23.2,8.9,3.0,27.46,74.75,0.0
2017-01-15,32.2,22.9,7.7,2.3,27.02,74.0,0.0
2017-01-16,31.4,23.2,10.3,3.3,26.92,78.5,0.0
2017-01-17,31.6,23.4,8.7,3.4,26.8,77.5,0.0
2017-01-18,31.0,23.4,6.1,3.2,26.48,76.0,0.0
2017-01-19,31.2,23.6,8.2,3.8,26.84,75.75,0.0
2017-01-20,33.0,23.5,7.2,3.0,27.14,75.25,0.0
2017-01-21,32.8,23.3,9.7,3.6,26.8,80.5,0.0
2017-01-22,31.7,23.4,4.4,3.4,26.38,79.5,0.0
2017-01-23,30.9,23.6,9.7,3.2,26.9,74.5,0.0
2017-01-24,31.6,23.9,9.6,4.8,27.1,76.0,0.0
2017-01-25,33.6,23.4,8.7,3.9,27.68,73.0,0.0
2017-01-26,32.0,23.5,9.3,2.1,26.86,77.5,0.0
2017-01-27,33.6,23.7,8.0,3.3,27.82,71.5,0.0
2017-01-28,29.4,23.6,0.5,2.8,25.08,85.75,0.0
2017-01-29,30.9,23.7,9.7,4.0,26.68,74.75,0.0
2017-01-30,29.6,23.7,6.3,2.8,26.5,82.0,0.0
2017-01-31,31.8,23.5,10.6,3.4,26.82,81.0,0.0
2017-02-01,30.6,23.8,8.1,3.9,26.52,80.5,0.0
2017-02-02,31.0,23.4,8.2,3.9,26.52,82.25,0.0
2017-02-03,31.9,24.1,10.4,3.8,27.16,76.25,0.0
2017-02-04,32.2,24.2,11.4,3.6,27.24,75.25,0.0
2017-02-05,32.1,23.5,10.8,1.4,26.8,80.75,0.0
2017-02-06,32.0,24.2,9.2,4.0,27.24,80.75,0.0
2017-02-07,32.4,24.2,10.6,3.6,27.52,78.5,0.0
2017-02-08,32.5,23.8,9.6,3.0,27.34,76.0,0.0
2017-02-09,31.8,23.5,8.7,3.2,26.9,79.75,0.0
2017-02-10,30.0,23.3,3.8,2.2,25.78,84.75,0.0
2017-02-11,32.1,24.3,7.3,3.2,27.08,78.75,0.0
2017-02-12,32.4,23.8,11.1,3.8,27.12,78.0,0.0
2017-02-13,31.4,23.7,8.1,3.4,26.7,81.5,0.0
2017-02-14,31.2,23.9,4.9,2.6,26.52,83.75,0.0
2017-02-15,30.8,23.6,3.8,3.0,26.08,81.25,0.0
2017-02-16,30.0,24.2,7.7,3.4,26.04,84.25,0.0
2017-02-17,30.6,24.2,7.1,3.2,26.8,80.0,0.0
2017-02-18,31.0,24.3,6.7,3.2,26.94,80.25,0.0
2017-02-19,31.4,23.0,8.8,3.2,26.52,77.0,0.0
2017-02-20,32.8,23.5,2.0,3.9,26.86,79.0,0.0
2017-02-21,31.7,23.8,9.4,3.1,26.9,75.75,0.0
2017-02-22,31.6,23.6,7.9,3.0,26.4,81.5,0.0
2017-02-23,31.8,23.8,9.7,4.0,26.92,77.75,0.0
2017-02-24,32.0,23.9,9.3,3.2,26.96,81.75,0.0
2017-02-25,32.2,24.1,6.8,3.2,27.14,79.5,0.0
2017-02-26,32.3,23.8,11.1,3.4,27.54,76.0,0.0
2017-02-27,32.2,24.3,8.9,2.2,27.62,77.0,0.0
2017-02-28,31.9,24.2,10.8,3.4,27.38,75.75,0.0
2017-03-01,32.4,24.2,8.6,3.2,27.6,77.0,0.0
2017-03-02,32.8,23.7,10.9,2.4,26.7,82.25,0.0
2017-03-03,33.0,24.4,11.6,3.2,27.64,75.75,0.0
2017-03-04,32.0,24.4,11.2,2.8,27.56,75.75,0.0
2017-03-05,31.8,23.9,7.9,2.6,27.08,79.25,0.0
2017-03-06,31.6,24.4,5.0,2.6,27.0,80.0,0.0
2017-03-07,29.9,22.7,8.8,2.8,26.14,75.5,0.0
2017-03-08,31.8,23.5,10.1,3.1,27.1,74.0,0.0
2017-03-09,30.6,23.3,3.6,2.2,25.98,85.0,0.0
2017-03-10,31.2,24.2,9.7,3.4,26.8,81.0,0.0
2017-03-11,32.2,23.5,0.8,2.5,27.18,73.0,0.0
2017-03-12,29.1,22.5,4.6,3.1,25.5,80.75,0.0
2017-03-13,29.6,23.4,0.9,2.9,25.84,83.75,0.0
2017-03-14,31.0,23.4,9.0,3.1,26.72,79.25,0.0
2017-03-15,31.8,23.2,7.9,3.6,26.64,77.5,0.0
2017-03-16,32.2,23.4,9.7,3.3,27.04,74.5,0.0
2017-03-17,31.6,23.7,3.4,0.9,26.66,81.75,0.0
2017-03-18,31.6,23.1,1.9,2.4,26.02,85.25,0.0
2017-03-19,29.4,22.7,10.3,1.5,25.48,82.75,0.0
2017-03-20,32.2,22.8,10.7,2.1,26.8,76.25,0.0
2017-03-21,32.0,23.7,7.8,4.0,27.38,76.0,0.0
2017-03-22,31.4,23.5,6.5,2.2,26.3,86.0,0.0
2017-03-23,30.6,22.9,10.4,3.8,26.12,79.25,0.0
2017-03-24,32.9,23.3,9.4,3.3,27.22,74.5,0.0
2017-03-25,32.2,23.7,10.9,4.1,26.94,80.0,0.0
2017-03-26,32.4,23.8,7.1,3.9,27.04,80.5,0.0
2017-03-27,32.1,23.2,10.7,4.0,26.62,78.25,0.0
2017-03-28,33.1,23.5,10.4,2.8,26.82,79.75,0.0
2017-03-29,33.2,23.8,9.6,2.6,27.68,76.5,0.0
2017-03-30,33.4,24.4,6.4,2.9,27.72,80.25,0.0
2017-03-31,32.8,24.5,7.5,2.9,27.74,76.25,0.0
2017-04-01,33.4,24.4,7.3,3.0,27.6,80.75,0.0
2017-04-02,29.9,23.0,5.6,3.8,25.94,79.75,0.0
2017-04-03,31.4,23.2,10.8,3.4,26.2,79.5,0.0
2017-04-04,32.4,23.7,8.5,2.4,27.18,78.25,0.0
2017-04-05,31.3,23.0,10.1,2.2,26.4,78.0,0.0
2017-04-06,31.7,23.6,7.9,4.0,26.38,76.0,0.0
2017-04-07,32.6,23.8,10.3,2.6,27.12,79.5,0.0
2017-04-08,29.0,22.8,4.4,2.4,25.34,80.5,0.0
2017-04-09,32.4,22.6,6.9,3.7,26.08,81.0,0.0
2017-04-10,32.2,23.7,8.8,3.4,27.0,80.5,0.0
2017-04-11,31.3,23.4,5.7,2.6,26.44,80.0,0.0
2017-04-12,31.7,23.6,2.8,3.2,26.38,77.0,0.0
2017-04-13,29.6,23.5,0.0,1.8,26.18,79.0,0.0
2017-04-14,27.3,22.1,0.6,2.2,24.36,88.5,0.0
2017-04-15,30.0,22.5,2.7,2.8,26.14,81.75,0.0
2017-04-16,29.9,23.5,8.9,3.2,26.28,79.5,0.0
2017-04-17,27.2,21.7,3.0,2.6,24.1,87.0,0.0
2017-04-18,31.9,23.8,10.3,3.2,26.9,79.75,0.0
2017-04-19,30.6,23.6,9.0,2.4,26.72,78.75,0.0
2017-04-20,29.8,23.2,8.6,3.4,25.54,82.75,0.0
2017-04-21,31.4,23.8,10.2,3.2,26.8,75.75,0.0
2017-04-22,31.2,23.7,9.4,3.2,26.74,80.0,0.0
2017-04-23,30.0,23.4,10.3,2.8,26.08,79.5,0.0
2017-04-24,31.7,22.9,9.6,3.8,26.78,78.25,0.0
2017-04-25,31.0,23.8,9.3,2.6,26.84,80.5,0.0
2017-04-26,30.6,23.2,8.5,3.6,26.12,79.25,0.0
2017-04-27,31.6,23.8,7.8,3.4,26.56,80.25,0.0
2017-04-28,31.2,23.9,7.8,2.9,26.54,83.5,0.0
2017-04-29,29.6,22.2,0.3,3.7,24.92,88.0,0.0
2017-04-30,31.0,23.8,7.3,3.6,26.16,84.25,0.0
2017-05-01,30.8,23.5,8.8,2.8,26.1,87.75,0.0
2017-05-02,30.2,23.8,7.1,3.6,26.36,79.75,0.0
2017-05-03,31.4,22.3,3.6,3.0,25.54,86.75,0.0
2017-05-04,30.4,23.1,5.8,1.8,26.26,82.75,0.0
2017-05-05,29.4,22.6,8.6,3.2,25.4,77.5,0.0
2017-05-06,30.0,23.3,4.0,2.2,26.38,73.75,0.0
2017-05-07,28.2,22.8,0.0,2.2,25.16,90.75,0.0
2017-05-08,30.1,22.8,6.6,2.6,25.52,79.0,0.0
2017-05-09,31.4,23.2,2.1,3.2,26.6,75.5,0.0
2017-05-10,28.6,22.5,5.7,2.4,25.38,86.0,0.0
2017-05-11,31.0,23.4,7.1,3.6,26.08,79.5,0.0
2017-05-12,30.4,22.6,10.0,3.4,25.76,77.75,0.0
2017-05-13,29.8,22.3,7.8,3.0,25.82,82.0,0.0
2017-05-14,32.0,23.1,9.8,2.8,26.7,75.5,0.0
2017-05-15,31.0,22.5,3.5,3.4,26.58,77.25,0.0
2017-05-16,31.6,23.7,9.4,3.4,27.22,78.25,0.0
2017-05-17,31.6,23.8,10.3,4.0,26.84,81.25,0.0
2017-05-18,32.7,23.5,6.3,2.5,27.22,74.25,0.0
2017-05-19,31.9,22.8,9.7,2.9,26.58,83.5,0.0
2017-05-20,28.4,23.3,4.2,3.8,25.42,79.5,0.0
2017-05-21,26.1,22.4,0.0,2.2,23.82,91.25,0.0
2017-05-22,26.4,22.1,1.7,3.2,24.1,92.25,0.0
2017-05-23,29.6,22.7,4.7,2.6,25.46,78.5,0.0
2017-05-24,25.2,22.5,0.0,2.0,23.78,92.0,0.0
2017-05-25,27.4,22.3,0.6,2.6,24.38,89.75,0.0
2017-05-26,27.3,22.0,0.0,1.4,24.06,82.25,0.0
2017-05-27,24.6,22.8,0.0,2.2,23.48,94.5,0.0
2017-05-28,25.4,22.1,0.4,2.4,23.82,93.0,0.0
2017-05-29,27.8,22.0,5.8,2.2,24.88,78.75,0.0
2017-05-30,27.6,23.0,0.0,1.4,25.16,87.5,0.0
2017-05-31,26.0,22.0,0.8,2.2,23.68,93.25,0.0
2017-06-01,26.9,22.8,0.0,1.6,24.34,84.0,0.0
2017-06-02,28.6,22.3,5.4,2.2,25.16,94.0,0.0
2017-06-03,29.4,22.7,8.2,2.2,25.9,82.5,0.0
2017-06-04,27.7,21.9,8.2,2.0,24.32,84.75,0.0
2017-06-05,28.6,22.4,4.7,2.2,24.92,94.0,0.0
2017-06-06,27.2,22.1,4.2,1.5,24.14,96.25,0.0
2017-06-07,28.9,22.3,7.5,2.9,25.32,77.25,0.0
2017-06-08,28.2,22.4,3.9,3.0,25.0,82.5,0.0
2017-06-09,29.4,22.9,8.3,3.4,25.14,85.0,0.0
2017-06-10,28.8,22.5,4.6,2.9,25.1,82.0,0.0
2017-06-11,27.4,22.8,0.0,2.1,24.28,89.0,0.0
2017-06-12,28.8,21.7,7.3,3.0,24.78,81.0,0.0
2017-06-13,29.1,22.4,6.2,2.0,25.4,77.25,0.0
2017-06-14,28.2,22.3,5.6,2.2,25.3,86.25,0.0
2017-06-15,26.1,22.0,0.0,0.8,23.62,89.75,0.0
2017-06-16,28.2,21.7,5.2,2.1,24.38,81.5,0.0
2017-06-17,29.2,21.2,8.5,3.0,25.06,79.0,0.0
2017-06-18,28.8,22.2,0.5,2.4,24.56,95.25,0.0
2017-06-19,29.2,22.6,8.4,1.6,25.52,78.0,0.0
2017-06-20,27.8,22.1,2.9,2.2,24.18,88.5,0.0
2017-06-21,27.2,22.1,1.7,2.0,24.1,96.75,0.0
2017-06-22,29.1,22.8,4.7,2.8,25.66,76.75,0.0
2017-06-23,26.8,21.8,0.4,2.8,24.44,89.75,0.0
2017-06-24,28.1,22.2,0.4,2.8,24.7,80.5,0.0
2017-06-25,28.9,22.1,9.3,2.4,25.26,78.75,0.0
2017-06-26,28.0,22.0,7.7,2.3,25.04,79.0,0.0
2017-06-27,28.2,23.1,7.8,2.1,24.98,91.0,0.0
2017-06-28,28.8,22.5,1.0,2.6,24.86,83.25,0.0
2017-06-29,26.2,22.0,0.0,2.2,23.44,95.5,0.0
2017-06-30,26.8,22.1,0.0,1.8,23.5,97.5,0.0
2017-07-01,26.3,22.0,0.0,2.0,23.66,83.5,0.0
2017-07-02,26.4,22.7,3.1,2.4,23.98,93.75,0.0
2017-07-03,27.0,22.5,3.5,2.2,24.02,94.0,0.0
2017-07-04,25.8,21.6,3.4,1.4,23.14,88.75,0.0
2017-07-05,26.9,21.7,2.4,2.0,24.2,88.75,0.0
2017-07-06,26.8,22.1,0.0,2.0,23.74,98.75,0.0
2017-07-07,26.6,21.6,0.1,1.8,23.1,86.25,0.0
2017-07-08,26.8,20.1,4.4,3.0,23.82,88.25,0.0
2017-07-09,26.4,22.3,0.8,2.2,24.26,92.0,0.0
2017-07-10,28.0,22.1,3.9,2.3,25.16,78.0,0.0
2017-07-11,27.2,21.8,0.7,2.5,24.28,88.0,0.0
2017-07-12,27.0,22.1,5.3,2.0,23.98,94.75,0.0
2017-07-13,26.2,21.1,1.3,1.9,22.64,88.75,0.0
2017-07-14,27.3,18.0,4.2,2.1,23.04,89.75,0.0
2017-07-15,28.2,22.2,4.8,2.2,24.48,88.5,0.0
2017-07-16,28.4,22.1,8.0,2.8,24.78,79.75,0.0
2017-07-17,29.0,22.7,6.5,2.2,25.48,77.25,0.0
2017-07-18,27.8,22.1,6.1,3.2,24.3,92.0,0.0
2017-07-19,26.6,21.3,0.0,2.4,23.38,97.5,0.0
2017-07-20,25.6,20.6,0.0,1.2,22.58,95.5,0.0
2017-07-21,25.2,21.5,0.6,3.0,23.26,97.0,0.0
2017-07-22,27.2,22.0,5.4,2.0,24.34,82.0,0.0
2017-07-23,25.6,20.8,0.0,2.2,22.78,95.5,0.0
2017-07-24,27.2,21.3,7.1,2.2,23.74,96.25,0.0
2017-07-25,27.3,22.3,7.3,1.6,24.92,79.25,0.0
2017-07-26,27.8,21.8,8.6,2.8,24.68,85.25,0.0
2017-07-27,27.4,21.1,7.4,1.6,23.9,92.75,0.0
2017-07-28,26.3,20.2,0.4,1.4,22.96,86.75,0.0
2017-07-29,28.7,21.9,2.6,2.6,24.8,82.75,0.0
2017-07-30,25.0,20.8,0.0,1.6,22.62,95.25,0.0
2017-07-31,27.5,21.6,3.4,1.6,24.42,80.25,0.0
2017-08-01,26.6,20.6,3.3,2.4,23.34,89.75,0.0
2017-08-02,26.8,21.3,8.4,8.9,23.46,96.0,0.0
2017-08-03,28.2,22.4,9.6,1.8,25.32,76.0,0.0
2017-08-04,28.8,22.1,9.5,1.8,25.06,87.0,0.0
2017-08-05,29.0,22.0,10.1,2.2,24.8,91.0,0.0
2017-08-06,28.4,22.8,5.4,2.0,25.6,77.75,0.0
2017-08-07,28.3,22.0,7.5,1.9,24.54,89.5,0.0
2017-08-08,28.6,21.3,5.0,1.7,24.5,89.75,0.0
2017-08-09,29.4,22.6,2.3,2.6,25.46,76.25,0.0
2017-08-10,29.0,21.3,10.1,2.6,25.1,80.5,0.0
2017-08-11,29.4,22.2,10.2,2.8,24.92,89.75,0.0
2017-08-12,28.8,22.8,3.6,3.1,25.72,75.75,0.0
2017-08-13,26.0,20.3,0.0,2.5,22.86,92.0,0.0
2017-08-14,28.7,20.4,7.4,2.2,24.46,84.25,0.0
2017-08-15,29.2,22.6,4.7,2.8,25.48,79.25,0.0
2017-08-16,28.2,19.7,6.2,2.2,24.28,80.5,0.0
2017-08-17,27.8,22.3,3.8,1.9,24.06,96.0,0.0
2017-08-18,27.6,22.3,2.3,2.3,24.26,88.5,0.0
2017-08-19,25.2,21.0,0.0,2.0,22.74,92.5,0.0
2017-08-20,26.6,21.4,1.4,1.6,23.6,90.75,0.0
2017-08-21,27.8,22.5,10.0,2.8,24.54,80.75,0.0
2017-08-22,27.9,20.4,7.5,3.2,24.56,86.25,0.0
2017-08-23,27.6,22.3,7.0,2.4,24.7,86.25,0.0
2017-08-24,29.4,22.3,5.6,2.6,25.6,76.25,0.0
2017-08-25,31.8,22.0,6.9,2.0,25.4,82.75,0.0
2017-08-26,25.7,20.6,1.3,1.2,22.98,92.0,0.0
2017-08-27,28.3,21.5,6.7,0.8,24.92,78.0,0.0
2017-08-28,26.7,20.7,1.2,2.2,23.52,90.75,0.0
2017-08-29,27.9,21.2,4.8,3.0,24.22,88.5,0.0
2017-08-30,28.8,21.6,7.0,2.4,25.04,78.25,0.0
2017-08-31,29.0,22.5,7.0,2.4,24.82,91.5,0.0
2017-09-01,29.4,22.6,9.1,2.4,25.04,91.25,0.0
2017-09-02,29.6,23.1,4.0,2.1,25.02,87.0,0.0
2017-09-03,28.4,22.1,9.6,2.0,24.14,84.25,0.0
2017-09-04,29.8,23.1,7.9,2.2,25.34,86.0,0.0
2017-09-05,29.8,22.7,9.3,11.9,25.72,76.75,0.0
2017-09-06,28.6,20.7,9.4,3.0,24.64,78.75,0.0
2017-09-07,27.1,23.0,4.1,2.0,24.7,87.5,0.0
2017-09-08,29.9,22.4,7.5,2.2,25.5,76.0,0.0
2017-09-09,26.7,21.2,0.6,2.4,23.82,87.5,0.0
2017-09-10,27.8,21.9,10.5,2.6,24.34,85.0,0.0
2017-09-11,29.0,21.7,0.8,2.0,25.32,76.5,0.0
2017-09-12,27.8,20.7,8.2,2.4,24.24,85.5,0.0
2017-09-13,27.3,21.9,5.6,1.6,24.36,85.0,0.0
2017-09-14,28.8,22.5,7.4,2.1,25.0,82.0,0.0
2017-09-15,28.0,21.2,6.4,1.9,24.4,82.75,0.0
2017-09-16,27.8,21.9,7.3,2.1,24.26,83.25,0.0
2017-09-17,28.8,22.0,8.9,2.9,25.48,77.0,0.0
2017-09-18,29.2,22.8,7.4,2.8,24.84,85.0,0.0
2017-09-19,26.8,22.9,5.3,1.6,24.18,92.75,0.0
2017-09-20,27.2,22.8,7.8,1.8,24.28,93.0,0.0
2017-09-22,28.4,23.1,5.7,2.6,24.82,87.5,0.0
2017-09-23,27.8,22.9,7.1,1.2,24.78,91.25,0.0
2017-09-24,26.9,22.4,1.3,2.0,24.78,84.25,0.0
2017-09-25,28.4,21.6,8.1,2.2,24.76,81.0,0.0
2017-09-26,28.6,23.0,8.5,2.6,24.92,87.5,0.0
2017-09-27,28.7,22.7,1.7,2.1,24.52,92.25,0.0
2017-09-28,28.4,22.8,9.8,2.1,25.34,79.25,0.0
2017-09-29,29.2,22.0,9.8,3.0,25.32,77.25,0.0
2017-09-30,28.8,22.7,5.6,2.4,25.26,88.25,0.0
2017-10-01,29.0,20.4,7.9,2.2,24.82,86.5,0.0
2017-10-02,29.4,22.7,9.1,2.6,25.94,74.75,0.0
2017-10-03,29.2,23.0,8.9,3.1,25.88,74.25,0.0
2017-10-04,29.6,23.1,8.2,3.3,26.02,81.25,0.0
2017-10-05,28.2,22.1,4.5,2.0,25.06,87.75,0.0
2017-10-06,29.8,22.9,6.8,2.6,26.08,74.75,0.0
2017-10-07,30.4,23.0,10.3,2.7,26.14,77.5,0.0
2017-10-08,28.6,22.8,5.3,2.3,25.28,85.25,0.0
2017-10-09,29.8,23.1,8.1,2.4,25.62,83.0,0.0
2017-10-10,29.9,22.7,5.6,2.6,25.88,79.0,0.0
2017-10-11,29.6,22.4,5.8,2.3,25.7,77.25,0.0
2017-10-12,29.8,23.1,6.7,2.1,26.1,80.25,0.0
2017-10-13,30.4,23.2,8.3,2.2,26.28,80.0,0.0
2017-10-14,30.8,23.3,9.3,2.3,26.54,74.75,0.0
2017-10-15,30.0,23.0,7.2,3.4,26.06,75.75,0.0
2017-10-16,28.0,21.4,1.5,1.8,24.68,81.0,0.0
2017-10-17,27.8,21.9,9.1,3.2,24.62,81.5,0.0
2017-10-18,28.8,21.7,2.7,2.8,25.18,79.25,0.0
2017-10-19,29.4,23.0,5.7,2.2,25.86,80.5,0.0
2017-10-20,29.6,22.1,5.9,2.0,25.3,80.5,0.0
2017-10-21,28.4,21.9,5.8,3.0,24.74,82.75,5.1444
2017-10-22,30.2,23.1,7.8,2.0,26.22,80.0,5.1444
2017-10-23,28.8,22.3,1.1,3.2,25.18,84.25,5.1444
2017-10-24,29.4,23.3,3.2,2.8,25.74,78.5,5.1444
2017-10-25,29.0,23.0,3.2,2.1,25.52,80.75,5.1444
2017-10-26,29.0,22.7,5.3,2.0,24.34,82.75,5.1444
2017-10-27,28.8,22.6,1.2,3.7,25.28,81.5,5.1444
2017-10-28,29.4,23.1,7.9,1.8,26.1,80.0,5.1444
2017-10-29,29.8,23.3,9.8,2.6,26.26,79.25,5.1444
2017-10-30,29.9,23.1,9.3,2.8,26.16,76.5,5.1444
2017-10-31,31.8,22.8,6.4,3.0,26.38,78.0,5.1444
2017-11-01,30.2,21.6,9.7,3.2,25.52,84.5,5.1444
2017-11-02,30.4,23.1,6.4,2.8,25.74,83.75,5.1444
2017-11-03,30.8,23.2,6.7,3.4,26.44,80.25,5.1444
2017-11-04,31.8,22.9,8.4,2.6,26.56,75.25,5.1444
2017-11-05,30.8,22.6,9.2,2.8,25.96,80.5,5.1444
2017-11-06,31.2,23.3,9.6,2.6,26.62,78.25,5.1444
2017-11-07,32.0,23.1,7.7,3.6,26.78,75.0,5.1444
2017-11-08,31.6,23.4,5.8,3.4,26.0,86.5,5.1444
2017-11-09,30.9,22.7,0.0,2.6,26.22,77.75,5.1444
2017-11-10,31.4,23.1,8.2,3.2,25.98,84.25,5.1444
2017-11-11,31.8,23.3,10.1,3.1,25.98,86.0,5.1444
2017-11-12,31.6,22.9,10.1,3.3,26.36,76.75,5.1444
2017-11-13,33.0,22.7,9.1,3.3,27.02,75.25,5.1444
2017-11-14,33.1,23.1,8.8,3.2,26.96,79.0,5.1444
2017-11-15,32.9,23.2,8.7,3.8,26.5,81.75,5.1444
2017-11-16,30.1,22.4,4.8,4.0,25.7,78.5,5.1444
2017-11-17,31.4,22.5,1.8,3.2,26.14,75.25,5.1444
2017-11-18,32.2,22.9,1.7,2.9,26.64,75.5,5.1444
2017-11-19,32.7,21.2,9.3,3.1,26.58,78.0,5.1444
2017-11-20,33.4,22.7,9.0,3.2,27.06,76.5,5.1444
2017-11-21,33.0,23.3,9.1,3.8,26.86,79.25,5.1444
2017-11-22,33.4,23.4,8.7,3.4,27.08,79.25,5.1444
2017-11-23,31.0,23.3,7.5,3.2,26.3,80.25,5.1444
2017-11-24,32.2,23.8,8.8,2.4,27.08,76.25,5.1444
2017-11-25,32.8,22.2,9.6,2.4,26.8,75.0,5.1444
2017-11-26,32.5,22.3,8.8,2.6,26.8,79.25,5.1444
2017-11-27,32.4,23.5,8.7,3.2,27.14,82.0,5.1444
2017-11-28,34.6,23.6,6.1,3.4,27.4,80.75,5.1444
2017-11-29,33.6,23.4,9.1,3.1,27.56,72.0,5.1444
2017-11-30,31.9,23.0,10.9,2.3,26.7,76.75,5.1444
2017-12-01,32.6,22.8,8.9,3.6,26.56,79.25,5.1444
2017-12-02,32.9,22.6,9.0,2.6,26.4,80.25,5.1444
2017-12-03,33.2,23.0,7.9,3.3,26.72,84.5,5.1444
2017-12-04,33.4,22.7,5.1,3.1,26.86,80.0,5.1444
2017-12-05,32.4,23.6,9.5,3.4,27.14,76.0,5.1444
2017-12-06,33.1,23.3,9.3,3.2,27.42,74.75,5.1444
2017-12-07,32.7,22.4,9.3,3.8,26.7,75.0,5.1444
2017-12-08,32.4,23.0,7.6,3.2,26.64,76.75,5.1444
2017-12-09,33.2,23.5,4.3,4.0,27.3,78.25,5.1444
2017-12-10,33.8,23.4,0.7,3.2,27.6,77.0,5.1444
2017-12-11,33.6,23.7,5.8,2.8,27.66,73.5,5.1444
2017-12-12,33.8,23.4,9.7,3.3,27.7,74.25,5.1444
2017-12-13,33.9,23.8,9.5,3.5,27.58,74.0,5.1444
2017-12-14,33.6,23.4,10.1,3.2,27.28,76.75,5.1444
2017-12-15,33.4,23.5,9.1,3.3,27.06,83.25,5.1444
2017-12-16,33.2,22.3,7.2,3.1,26.18,85.75,5.1444
2017-12-17,33.0,23.5,8.6,3.6,26.5,80.75,5.1444
2017-12-18,31.9,22.9,7.3,3.0,26.46,78.5,5.1444
2017-12-19,28.8,23.2,4.3,4.2,25.92,81.75,5.1444
2017-12-20,30.2,22.9,1.3,2.8,26.06,78.75,5.1444
2017-12-21,30.4,23.4,6.5,2.4,26.4,78.5,5.1444
2017-12-22,30.8,24.4,4.0,2.9,26.26,79.75,5.1444
2017-12-23,28.0,22.0,0.0,2.7,24.98,84.5,5.1444
2017-12-24,27.9,22.1,5.5,2.0,24.76,83.25,5.1444
2017-12-25,33.2,22.8,9.7,2.8,26.88,74.75,5.1444
2017-12-26,31.7,22.2,8.4,4.0,26.06,78.75,5.1444
2017-12-27,32.0,23.7,8.7,2.6,26.78,78.75,5.1444
2017-12-28,32.4,23.6,9.6,3.6,26.96,79.0,5.1444
2017-12-29,32.4,23.5,9.6,3.0,26.9,77.0,5.1444
2017-12-30,33.6,23.7,9.1,2.8,27.5,75.75,5.1444
2017-12-31,33.6,23.5,9.7,2.0,27.18,77.0,5.1444
2018-01-01,33.4,23.3,8.9,2.5,26.74,80.5,5.1444
2018-01-02,31.4,23.1,9.8,2.7,26.68,74.5,5.1444
2018-01-03,33.9,23.4,5.3,3.0,27.62,74.0,5.1444
2018-01-04,32.4,23.2,6.3,3.1,27.18,75.25,5.1444
2018-01-05,32.8,23.0,9.1,2.9,26.88,76.75,5.1444
2018-01-06,32.8,23.5,8.6,3.4,27.3,79.0,5.1444
2018-01-07,32.6,23.3,10.2,3.4,26.66,81.25,5.1444
2018-01-08,32.8,23.5,9.2,3.4,27.1,80.5,5.1444
2018-01-09,32.9,23.3,3.4,1.2,27.64,81.0,5.1444
2018-01-10,32.5,23.4,8.2,2.7,26.9,78.5,5.1444
2018-01-11,31.9,22.8,3.1,2.9,26.34,81.5,5.1444
2018-01-12,30.4,23.1,8.0,2.5,25.82,86.0,5.1444
2018-01-13,30.8,23.5,7.0,2.7,26.42,80.0,5.1444
2018-01-14,27.9,22.1,8.4,2.9,24.84,83.5,5.1444
2018-01-15,31.2,22.7,6.3,2.3,26.3,79.5,5.1444
2018-01-16,31.0,23.6,9.1,3.5,26.76,76.0,5.1444
2018-01-17,31.6,23.7,4.9,2.4,26.74,83.0,5.1444
2018-01-18,33.0,23.8,8.5,3.0,27.44,73.0,5.1444
2018-01-19,29.4,22.5,1.4,2.8,25.98,78.0,5.1444
2018-01-20,29.0,23.0,3.2,3.0,26.04,79.75,5.1444
2018-01-21,29.8,22.9,6.5,2.0,26.18,79.0,5.1444
2018-01-22,32.0,23.3,5.8,2.9,27.18,74.0,5.1444
2018-01-23,26.2,22.1,0.0,2.1,23.94,85.25,5.1444
2018-01-24,29.6,22.5,6.5,2.2,25.98,78.75,5.1444
2018-01-25,30.2,23.1,8.9,2.6,26.42,77.75,5.1444
2018-01-26,31.6,22.1,7.3,3.2,26.22,77.0,5.1444
2018-01-27,32.0,23.1,9.1,2.9,26.92,74.5,5.1444
2018-01-28,30.2,22.8,5.4,2.3,26.08,81.75,5.1444
2018-01-29,30.4,23.1,8.5,2.4,26.34,80.25,5.1444
2018-01-30,32.2,22.9,10.4,2.4,26.74,77.0,5.1444
2018-01-31,31.0,22.7,9.2,2.8,26.22,80.25,5.1444
2018-02-01,33.8,23.5,8.2,3.1,27.22,78.75,5.1444
2018-02-02,31.7,22.7,9.0,2.5,26.74,74.25,5.1444
2018-02-03,33.8,23.5,9.1,2.4,27.58,76.25,5.1444
2018-02-04,33.0,23.1,8.8,3.8,27.08,76.75,5.1444
2018-02-05,31.4,22.8,10.8,3.2,26.42,78.0,5.1444
2018-02-06,32.2,23.2,2.0,3.0,26.42,77.0,5.1444
2018-02-07,33.0,23.5,9.9,2.2,26.84,79.0,5.1444
2018-02-08,31.2,22.6,7.2,3.2,25.96,77.5,5.1444
2018-02-09,29.3,22.3,7.0,2.6,25.6,81.0,5.1444
2018-02-10,31.0,23.2,7.3,2.1,26.6,79.0,5.1444
2018-02-11,31.9,23.8,7.8,1.8,26.98,76.0,5.1444
2018-02-12,30.3,22.5,0.0,3.6,25.44,83.5,5.1444
2018-02-13,30.1,23.1,8.3,3.4,25.84,81.0,5.1444
2018-02-14,31.7,23.6,5.3,3.2,26.54,77.75,5.1444
2018-02-15,30.0,22.8,4.9,2.4,25.76,81.25,5.1444
2018-02-16,30.9,22.7,4.3,3.4,26.24,77.25,5.1444
2018-02-17,28.9,22.3,2.0,2.1,24.94,81.75,5.1444
2018-02-18,29.6,22.3,0.6,1.9,25.06,81.75,5.1444
2018-02-19,29.2,22.8,5.8,3.2,25.0,89.75,5.1444
2018-02-20,31.8,23.3,9.0,2.8,26.82,76.5,5.1444
2018-02-21,31.7,23.5,7.7,2.8,26.42,80.75,5.1444
2018-02-22,31.8,23.4,8.2,3.2,26.48,81.25,5.1444
2018-02-23,31.4,22.9,6.4,2.8,26.08,81.25,5.1444
2018-02-24,32.8,23.2,10.1,2.9,26.9,80.75,5.1444
2018-02-25,32.0,23.8,9.6,3.0,27.04,79.0,5.1444
2018-02-26,33.1,23.2,7.6,2.9,27.78,71.75,5.1444
2018-02-27,33.0,22.9,8.2,3.2,27.14,77.25,5.1444
2018-02-28,31.8,23.3,4.5,3.0,25.86,84.75,5.1444
2018-03-01,30.8,23.1,4.7,3.2,25.62,85.0,5.1444
2018-03-02,30.9,23.6,5.9,2.8,26.26,80.75,5.1444
2018-03-03,27.4,22.2,5.2,2.2,24.6,91.75,5.1444
2018-03-04,28.2,22.7,4.3,2.2,24.98,91.75,5.1444
2018-03-05,32.4,23.0,9.7,3.0,27.2,72.75,5.1444
2018-03-06,32.6,23.0,10.8,3.6,27.0,76.5,5.1444
2018-03-07,32.7,23.5,10.6,3.3,27.56,76.75,5.1444
2018-03-08,33.0,23.6,9.0,3.1,27.84,75.5,5.1444
2018-03-09,32.8,23.4,6.3,3.8,27.28,78.5,5.1444
2018-03-10,32.6,23.9,9.1,2.8,27.54,75.5,5.1444
2018-03-11,32.8,23.7,10.6,3.2,27.58,76.25,5.1444
2018-03-12,33.0,23.8,10.3,3.2,27.8,75.5,5.1444
2018-03-13,35.0,23.8,7.0,3.8,27.96,75.0,5.1444
2018-03-14,33.9,24.1,10.5,4.8,28.0,77.5,5.1444
2018-03-15,33.6,23.7,9.2,3.4,27.26,82.25,5.1444
2018-03-16,33.7,23.1,6.3,3.2,26.8,82.5,5.1444
2018-03-17,33.1,23.8,6.6,2.6,26.98,77.75,5.1444
2018-03-18,33.4,23.7,10.0,4.0,27.22,75.75,5.1444
2018-03-19,33.5,23.3,10.7,1.8,27.48,77.5,5.1444
2018-03-20,33.8,23.4,8.6,3.4,27.52,77.25,5.1444
2018-03-21,32.2,23.2,9.7,3.2,26.44,81.75,5.1444
2018-03-22,33.8,23.8,8.7,2.8,27.2,79.5,5.1444
2018-03-23,32.6,23.7,9.8,3.2,27.06,76.5,5.1444
2018-03-24,30.6,23.4,1.4,3.4,25.6,91.5,5.1444
2018-03-25,28.4,22.5,0.0,2.0,24.26,91.0,5.1444
2018-03-26,31.2,22.5,1.5,3.2,26.14,77.0,5.1444
2018-03-27,31.0,23.7,8.0,3.3,26.74,79.25,5.1444
2018-03-28,30.8,23.5,5.4,2.5,26.38,82.5,5.1444
2018-03-29,30.2,23.8,0.6,1.2,26.16,80.5,5.1444
2018-03-30,27.9,23.6,1.3,1.3,25.34,86.5,0.0
2018-03-31,29.0,22.7,5.8,1.1,25.9,80.0,0.0
2018-04-01,29.3,22.8,3.0,2.6,25.86,81.5,0.0
2018-04-02,29.8,23.3,3.9,1.0,25.86,84.75,0.0
2018-04-03,30.0,23.2,9.3,3.2,25.92,83.75,0.0
2018-04-04,31.2,23.6,9.3,3.8,26.6,76.25,0.0
2018-04-05,31.9,23.7,8.4,3.2,26.64,80.0,0.0
2018-04-06,28.9,22.9,3.8,2.6,25.38,85.25,0.0
2018-04-07,29.6,22.6,8.9,2.2,25.74,81.0,0.0
2018-04-08,28.8,22.3,3.8,1.0,24.94,90.5,0.0
2018-04-09,29.8,23.1,8.0,3.0,25.9,83.25,0.0
2018-04-10,31.8,22.4,5.5,3.6,26.28,76.0,0.0
2018-04-11,29.8,23.0,3.6,3.4,26.12,80.25,0.0
2018-04-12,27.8,22.3,4.2,2.3,24.6,85.0,0.0
2018-04-13,28.0,22.6,3.7,2.7,25.22,79.25,0.0
2018-04-14,29.6,22.9,2.1,3.0,25.14,84.0,0.0
2018-04-15,29.4,23.1,0.3,2.2,24.94,90.5,0.0
2018-04-16,30.0,22.4,5.5,2.8,25.88,82.0,0.0
2018-04-17,30.2,23.1,4.0,3.1,25.86,82.5,0.0
2018-04-18,29.9,23.0,2.4,2.1,26.14,78.0,0.0
2018-04-19,31.0,22.7,10.1,1.8,26.6,74.75,0.0
2018-04-20,31.2,23.1,9.3,3.0,26.22,82.75,0.0
2018-04-21,29.6,23.2,2.9,3.0,25.64,86.75,0.0
2018-04-22,27.0,22.9,0.0,1.2,24.46,92.5,0.0
2018-04-23,30.1,22.0,4.9,2.4,25.62,78.25,0.0
2018-04-24,28.8,22.1,5.3,1.2,25.64,77.25,0.0
2018-04-25,30.0,22.6,3.7,2.2,25.88,77.75,0.0
2018-04-26,31.0,23.2,9.0,2.4,26.44,80.5,0.0
2018-04-27,31.0,23.2,7.6,3.4,26.12,79.75,0.0
2018-04-28,29.7,22.5,4.6,2.0,25.44,87.0,0.0
2018-04-29,28.9,22.0,1.4,2.2,25.18,83.5,0.0
2018-04-30,25.6,23.2,0.0,1.2,23.96,96.5,0.0
2018-05-01,29.6,22.3,2.5,1.2,25.02,90.25,0.0
2018-05-02,28.8,21.9,4.8,1.2,24.94,83.5,0.0
2018-05-03,29.2,22.4,5.4,2.2,25.68,83.75,0.0
2018-05-04,29.7,23.8,7.6,3.0,26.46,80.25,0.0
2018-05-05,29.0,23.6,7.5,3.2,26.28,74.75,0.0
2018-05-06,30.0,23.1,8.9,2.4,26.54,74.25,0.0
2018-05-07,29.3,23.1,1.3,2.4,25.8,79.0,0.0
2018-05-08,29.6,22.7,6.1,3.0,25.74,84.0,0.0
2018-05-09,28.8,22.2,1.9,2.2,24.8,87.0,0.0
2018-05-10,29.8,22.3,7.4,2.6,24.98,85.75,0.0
2018-05-11,29.7,23.4,7.9,3.2,25.54,78.5,0.0
2018-05-12,30.2,22.1,9.3,1.6,26.1,80.0,0.0
2018-05-13,30.7,22.7,8.6,2.4,25.88,80.0,0.0
2018-05-14,30.5,23.3,9.4,3.2,26.0,83.75,0.0
2018-05-15,28.8,23.0,3.0,1.8,25.36,86.5,0.0
2018-05-16,30.0,22.2,7.8,2.8,25.56,79.0,0.0
2018-05-17,29.8,22.0,6.8,2.2,25.12,85.0,0.0
2018-05-18,30.0,23.1,4.5,2.4,25.74,87.5,0.0
2018-05-19,30.0,22.5,7.4,2.6,25.96,78.75,0.0
2018-05-20,30.4,22.6,10.1,3.1,26.2,79.25,0.0
2018-05-21,30.6,23.1,6.5,2.4,26.22,83.75,0.0
2018-05-22,30.4,23.1,9.6,3.6,25.98,78.25,0.0
2018-05-23,31.6,21.9,9.9,3.8,27.14,77.75,0.0
2018-05-24,31.1,22.5,8.3,2.6,26.38,78.25,0.0
2018-05-25,26.9,22.0,2.4,2.6,23.7,92.5,0.0
2018-05-26,25.9,21.1,0.7,2.6,23.68,86.0,0.0
2018-05-27,26.4,20.2,2.4,3.3,23.56,89.0,0.0
2018-05-28,28.3,22.3,1.4,2.6,24.44,85.0,0.0
2018-05-29,30.0,22.0,7.9,1.4,25.94,78.75,0.0
2018-05-30,29.8,22.7,5.5,2.8,25.72,84.75,0.0
2018-05-31,29.3,22.8,6.4,2.8,25.58,82.25,0.0
2018-06-01,29.6,23.1,7.9,2.8,25.54,87.5,0.0
2018-06-02,30.4,22.9,6.8,2.8,25.26,88.25,0.0
2018-06-03,29.6,23.0,8.0,2.8,24.96,88.75,0.0
2018-06-04,29.6,23.2,7.0,2.8,25.72,85.25,0.0
2018-06-05,29.8,22.6,8.6,2.8,25.86,79.75,0.0
2018-06-06,28.0,20.1,1.8,2.8,23.58,88.0,0.0
2018-06-07,28.6,22.8,3.7,2.8,24.72,90.75,0.0
2018-06-08,30.6,21.8,6.9,2.8,25.76,79.25,0.0
2018-06-09,30.1,21.7,8.3,2.8,25.92,78.25,0.0
2018-06-10,28.1,22.7,5.1,2.8,25.0,87.75,0.0
2018-06-11,29.0,22.5,5.1,2.8,24.7,92.75,0.0
2018-06-12,29.8,22.2,6.4,2.8,25.72,80.0,0.0
2018-06-13,29.6,22.5,3.4,2.8,24.98,94.0,0.0
2018-06-14,29.8,21.1,8.6,2.8,25.18,86.5,0.0
2018-06-15,28.0,21.9,5.2,2.8,24.62,84.5,0.0
2018-06-16,28.4,22.8,8.5,2.8,25.28,82.0,0.0
2018-06-17,28.6,22.1,3.5,2.8,24.76,81.75,0.0
2018-06-18,30.0,22.5,6.8,2.8,25.64,84.0,0.0
2018-06-19,29.2,21.5,8.2,2.8,24.9,84.75,0.0
2018-06-20,30.2,22.5,7.8,2.8,25.86,82.75,0.0
2018-06-21,29.0,20.0,4.4,2.8,24.12,85.0,0.0
2018-06-22,29.4,22.2,9.1,2.8,25.02,83.25,0.0
2018-06-23,31.0,23.0,10.3,2.8,26.6,74.75,0.0
2018-06-24,31.6,23.0,5.4,2.8,26.94,74.25,0.0
2018-06-25,29.8,21.3,6.7,2.8,24.86,91.75,0.0
2018-06-26,29.4,21.4,7.1,2.8,25.0,91.0,0.0
2018-06-27,27.7,19.6,5.9,2.8,23.94,83.25,0.0
2018-06-28,28.1,20.0,0.9,2.8,23.86,86.0,0.0
2018-06-29,29.3,20.9,4.7,2.8,24.72,79.75,0.0
2018-06-30,27.9,20.3,5.2,2.8,24.36,81.5,0.0
2018-07-01,27.0,19.8,2.1,2.8,23.48,88.0,0.0
2018-07-02,27.2,19.3,0.0,2.8,23.34,91.0,0.0
2018-07-03,28.0,20.8,8.0,2.8,24.28,85.25,0.0
2018-07-04,28.1,19.7,9.2,2.8,24.04,81.75,0.0
2018-07-05,29.4,22.1,6.9,2.8,25.6,80.0,0.0
2018-07-06,29.0,22.3,4.8,2.8,25.24,83.25,0.0
2018-07-07,25.8,19.5,3.6,2.8,22.5,95.25,0.0
2018-07-08,29.1,21.6,1.8,2.8,25.3,83.25,0.0
2018-07-09,28.4,19.5,6.6,2.8,23.82,92.75,0.0
2018-07-10,28.2,19.8,6.6,2.8,23.76,92.0,0.0
2018-07-11,28.6,21.8,8.3,2.8,24.4,85.75,0.0
2018-07-12,29.3,22.6,9.4,2.8,25.62,80.75,0.0
2018-07-13,28.9,19.8,0.6,2.8,24.34,89.75,0.0
2018-07-14,28.7,22.7,7.6,2.8,24.68,91.75,0.0
2018-07-15,28.0,20.8,9.7,2.8,24.16,84.0,0.0
2018-07-16,28.8,19.8,9.7,2.8,24.12,79.75,0.0
2018-07-17,28.1,19.7,4.5,2.8,23.24,90.25,0.0
2018-07-18,29.3,21.2,4.8,2.8,25.06,83.25,0.0
2018-07-19,29.4,21.0,6.8,2.8,25.0,90.25,0.0
2018-07-20,29.6,21.2,8.2,2.8,24.96,90.75,0.0
2018-07-21,28.1,18.8,9.1,2.8,23.82,81.0,0.0
2018-07-22,27.7,19.5,3.5,2.8,23.6,90.0,0.0
2018-07-23,28.0,21.1,6.4,2.8,24.7,73.5,0.0
2018-07-24,29.0,21.8,10.3,2.8,25.3,76.5,0.0
2018-07-25,28.9,22.2,6.6,2.8,24.46,88.75,0.0
2018-07-26,30.0,20.6,6.8,2.8,24.8,85.0,0.0
2018-07-27,25.6,20.3,2.0,2.8,23.1,91.75,0.0
2018-07-28,28.4,21.7,0.9,2.8,24.38,80.5,0.0
2018-07-29,27.0,21.3,7.3,2.8,24.1,81.5,0.0
2018-07-30,27.0,19.0,1.8,2.8,22.88,95.0,0.0
2018-07-31,27.0,19.0,1.8,2.8,22.88,95.0,0.0
2018-08-01,27.4,20.6,0.0,2.8,23.6,94.0,0.0
2018-08-02,27.4,20.7,4.8,2.8,24.18,81.25,0.0
2018-08-03,28.4,17.6,9.3,2.8,23.8,82.0,0.0
2018-08-04,28.8,21.4,9.7,2.8,24.72,79.75,0.0
2018-08-05,29.6,22.7,9.4,2.8,26.02,77.75,0.0
2018-08-06,29.8,22.7,8.6,2.8,24.58,92.0,0.0
2018-08-07,27.4,22.5,7.2,2.8,24.18,90.75,0.0
2018-08-08,28.8,20.0,8.3,2.8,24.52,81.25,0.0
2018-08-09,28.9,20.4,3.2,2.8,24.54,81.0,0.0
2018-08-10,29.8,22.1,9.4,2.8,25.94,78.25,0.0
2018-08-11,30.0,22.8,9.7,2.8,25.88,82.0,0.0
2018-08-12,30.2,22.6,10.2,2.8,25.36,89.0,0.0
2018-08-13,30.2,22.6,10.2,2.8,25.36,89.0,0.0
2018-08-14,29.7,19.8,9.6,2.8,24.34,81.25,0.0
2018-08-15,30.6,19.9,8.4,2.8,25.38,74.75,0.0
2018-08-16,30.6,19.9,8.4,2.8,25.38,74.75,0.0
2018-08-17,30.8,21.9,8.8,2.8,26.26,77.75,0.0
2018-08-18,31.0,22.7,8.8,2.8,26.06,83.25,0.0
2018-08-19,30.2,23.1,8.7,2.8,25.46,88.75,0.0
2018-08-20,28.9,22.3,6.1,2.8,25.0,80.5,0.0
2018-08-21,29.0,21.8,9.2,2.8,25.68,72.75,0.0
2018-08-22,29.3,22.5,3.0,2.8,25.92,78.5,0.0
2018-08-23,28.8,20.3,10.2,2.8,24.82,77.75,0.0
2018-08-24,29.8,23.1,8.5,2.8,25.74,87.25,0.0
2018-08-25,29.6,23.2,7.6,2.8,25.84,83.75,0.0
2018-08-26,29.8,21.4,10.0,2.8,24.92,83.5,0.0
2018-08-27,30.4,20.8,9.9,2.8,25.32,85.0,0.0
2018-08-28,30.6,23.3,7.7,2.8,26.6,77.75,0.0
2018-08-29,29.6,22.8,8.9,2.8,25.54,78.5,0.0
2018-08-30,29.4,22.3,2.4,2.8,24.86,88.0,0.0
2018-08-31,29.6,20.4,2.9,2.8,24.6,85.0,0.0
2018-09-01,29.5,22.2,8.8,2.8,24.66,83.5,0.0
2018-09-02,25.1,21.6,0.9,2.8,23.02,89.25,0.0
2018-09-03,28.2,21.8,7.3,2.8,24.98,76.0,0.0
2018-09-04,28.9,22.3,10.4,2.8,25.76,78.75,0.0
2018-09-05,29.8,23.1,10.1,2.8,26.1,81.5,0.0
2018-09-06,30.0,20.1,7.4,2.8,24.98,81.5,0.0
2018-09-07,29.7,21.8,8.8,2.8,25.14,76.0,0.0
2018-09-08,30.4,21.1,6.0,2.8,25.38,81.75,0.0
2018-09-09,30.6,22.8,6.7,2.8,25.94,78.5,0.0
2018-09-10,29.2,22.1,3.9,2.8,25.68,75.5,0.0
2018-09-11,30.2,23.0,9.5,2.8,26.0,84.5,0.0
2018-09-12,29.8,19.8,11.1,2.8,25.16,78.5,0.0
2018-09-13,29.4,20.2,10.2,2.8,25.08,79.75,0.0
2018-09-14,30.3,23.0,7.7,2.8,25.7,85.0,0.0
2018-09-15,29.4,22.6,10.2,2.8,25.6,80.5,0.0
2018-09-16,28.8,22.1,5.9,2.8,25.34,82.25,0.0
2018-09-17,29.8,23.2,8.9,2.8,25.56,81.5,0.0
2018-09-18,29.4,22.7,8.3,2.8,25.74,83.25,0.0
2018-09-19,28.9,23.0,8.5,2.8,25.58,81.75,0.0
2018-09-20,30.4,22.4,8.7,2.8,25.84,76.5,0.0
2018-09-21,30.6,22.5,10.2,2.8,26.14,75.5,0.0
2018-09-22,30.6,22.6,8.2,2.8,26.14,79.25,0.0
2018-09-23,30.6,22.6,8.2,2.8,26.14,79.25,0.0
2018-09-24,29.5,21.8,1.7,2.8,24.78,84.25,0.0
2018-09-25,31.2,23.1,10.0,2.8,26.26,77.5,0.0
2018-09-26,30.6,22.7,9.6,2.8,26.26,71.75,0.0
2018-09-27,30.4,22.1,7.5,2.8,25.62,78.5,0.0
2018-09-28,30.9,22.1,7.0,2.8,26.32,77.25,0.0
2018-09-29,30.6,22.6,9.2,2.8,26.12,79.0,0.0
2018-09-30,31.0,22.7,9.2,2.8,26.06,77.0,0.0
2018-10-01,31.7,21.1,11.1,2.8,26.36,77.75,0.0
2018-10-02,31.0,22.2,10.9,2.8,26.4,74.0,0.0
2018-10-03,29.9,23.0,8.1,2.8,25.96,82.0,0.0
2018-10-04,32.2,23.0,7.5,2.8,26.9,76.0,0.0
2018-10-05,32.0,23.3,8.4,2.8,26.66,77.75,0.0
2018-10-06,31.8,23.1,8.6,2.8,26.14,80.5,0.0
2018-10-07,30.9,23.6,9.8,2.8,26.14,76.5,0.0
2018-10-08,30.2,21.0,6.6,2.8,25.76,76.25,0.0
2018-10-09,29.4,22.7,10.7,2.8,25.76,82.5,0.0
2018-10-10,29.6,23.2,5.8,2.8,26.04,80.0,0.0
2018-10-11,30.6,23.3,7.9,2.8,26.42,78.0,0.0
2018-10-12,30.8,22.7,9.4,2.8,26.26,79.25,0.0
2018-10-13,29.8,22.7,9.7,2.8,25.82,79.25,0.0
2018-10-14,30.9,23.0,9.8,2.8,25.9,77.75,0.0
2018-10-15,31.6,22.5,9.0,2.8,26.94,66.5,0.0
2018-10-16,32.6,23.2,8.8,2.8,27.04,75.5,0.0
2018-10-17,30.4,23.3,6.5,2.8,26.18,79.0,0.0
2018-10-18,32.6,23.4,10.2,2.8,26.52,77.75,0.0
2018-10-19,31.9,22.1,10.4,2.8,26.64,77.25,0.0
2018-10-20,31.6,22.4,10.6,2.8,26.48,68.25,0.0
2018-10-21,29.5,22.6,10.4,2.8,25.84,79.75,0.0
2018-10-22,32.2,23.4,9.8,2.8,27.08,73.5,0.0
2018-10-23,31.0,23.0,10.2,2.8,26.44,76.25,0.0
2018-10-24,31.4,23.1,8.9,2.8,26.1,77.25,0.0
2018-10-25,32.2,23.3,10.7,2.8,27.06,71.75,0.0
2018-10-26,32.8,23.5,8.3,2.8,27.36,73.75,0.0
2018-10-27,31.7,22.4,10.9,2.8,26.42,79.75,0.0
2018-10-28,31.9,22.2,10.6,2.8,26.46,72.0,0.0
2018-10-29,32.0,23.6,7.3,2.8,27.04,73.25,0.0
2018-10-30,31.6,23.4,8.2,2.8,26.52,79.0,0.0
2018-10-31,31.9,23.3,8.6,2.8,26.84,78.25,0.0
2018-11-01,31.7,23.8,11.1,2.8,26.82,79.0,0.0
2018-11-02,33.0,23.3,10.5,2.8,27.28,75.75,0.0
2018-11-03,33.4,23.0,9.6,2.8,27.04,77.75,0.0
2018-11-04,32.2,23.0,10.7,2.8,26.94,76.75,0.0
2018-11-05,32.4,23.3,10.3,2.8,27.14,77.5,0.0
2018-11-06,32.1,23.8,11.0,2.8,27.3,74.25,0.0
2018-11-07,30.8,23.4,7.0,2.8,26.0,81.75,0.0
2018-11-08,29.8,22.1,2.0,2.8,25.48,85.25,0.0
2018-11-09,30.4,23.0,10.0,2.8,26.28,81.0,0.0
2018-11-10,30.0,23.2,8.8,2.8,26.38,78.25,0.0
2018-11-11,31.8,23.4,10.3,2.8,26.76,79.75,0.0
2018-11-12,32.6,23.2,8.1,2.8,27.1,75.75,0.0
2018-11-13,33.4,23.5,9.3,2.8,27.3,78.5,0.0
2018-11-14,33.4,23.5,9.3,2.8,27.3,78.5,0.0
2018-11-15,30.8,23.0,9.6,2.8,26.4,78.0,0.0
2018-11-16,27.7,22.0,1.7,2.8,24.62,88.25,0.0
2018-11-17,29.8,22.7,9.6,2.8,25.98,82.0,0.0
2018-11-18,30.4,22.8,9.6,2.8,26.32,77.0,0.0
2018-11-19,31.6,24.2,5.2,2.8,27.2,77.0,0.0
2018-11-20,29.9,22.7,7.4,2.8,25.92,79.25,0.0
2018-11-21,30.1,22.1,4.8,2.8,25.84,83.25,0.0
2018-11-22,30.9,23.8,4.6,2.8,26.94,79.5,0.0
2018-11-23,31.6,23.7,8.3,2.8,27.18,76.25,0.0
2018-11-24,29.6,22.6,9.0,2.8,26.06,78.0,0.0
2018-11-25,29.6,22.6,9.0,2.8,26.06,78.0,0.0
2018-11-26,30.2,23.8,0.4,2.8,26.2,84.25,0.0
2018-11-27,28.2,22.1,0.0,2.8,25.4,85.0,0.0
2018-11-28,29.6,22.9,2.1,2.8,25.82,78.0,0.0
2018-11-29,30.4,22.7,9.4,2.8,26.82,74.75,0.0
2018-11-30,30.6,23.0,3.7,2.8,26.12,80.5,0.0
2018-12-01,31.9,23.6,9.8,2.8,27.06,76.5,0.0
2018-12-02,29.9,22.6,7.6,2.8,26.02,81.25,0.0
2018-12-03,29.9,23.3,6.0,2.8,26.02,74.25,0.0
2018-12-04,31.6,23.4,5.1,2.8,27.16,73.5,0.0
2018-12-05,31.6,23.7,3.1,2.8,27.16,75.5,0.0
2018-12-06,34.0,23.7,8.2,2.8,27.8,73.25,0.0
2018-12-07,32.2,23.8,9.0,2.8,27.12,75.0,0.0
2018-12-08,33.4,23.6,10.0,2.8,27.24,73.0,0.0
2018-12-09,32.8,23.4,8.4,2.8,26.92,77.5,0.0
2018-12-10,30.6,23.5,3.5,2.8,26.38,81.5,0.0
2018-12-11,29.9,22.7,3.8,2.8,26.5,76.75,0.0
2018-12-12,31.8,23.8,8.0,2.8,26.92,76.75,0.0
2018-12-13,30.8,22.5,3.5,2.8,26.42,84.0,0.0
2018-12-14,30.4,23.0,7.9,2.8,26.6,77.0,0.0
2018-12-15,31.8,22.0,7.4,2.8,26.88,73.5,0.0
2018-12-16,31.6,21.8,8.8,2.8,26.56,76.25,0.0
2018-12-17,28.6,23.1,1.5,2.8,24.78,89.0,0.0
2018-12-18,29.2,22.6,6.5,2.8,25.36,79.25,0.0
2018-12-19,31.6,21.9,9.4,2.8,26.54,73.5,0.0
2018-12-20,31.0,22.7,6.7,2.8,26.14,80.0,0.0
2018-12-21,30.7,23.2,6.4,2.8,26.58,79.5,0.0
2018-12-22,31.0,23.4,9.1,2.8,26.44,78.75,0.0
2018-12-23,30.8,23.3,7.0,2.8,26.02,83.0,0.0
2018-12-24,30.5,23.6,4.3,2.8,25.9,83.75,0.0
2018-12-25,30.5,23.6,4.3,2.8,25.9,83.75,0.0
2018-12-26,32.0,23.5,7.6,2.8,26.66,77.75,0.0
2018-12-27,33.4,23.6,9.9,2.8,27.84,73.5,0.0
2018-12-28,33.0,23.6,9.6,2.8,27.16,77.75,0.0
2018-12-29,33.2,23.4,8.7,2.8,27.2,77.25,0.0
2018-12-30,33.0,23.1,3.4,2.8,27.26,74.5,0.0
2018-12-31,32.2,23.3,9.6,2.8,26.9,77.25,0.0
