date,Precipitacao,TempMaxima,TempMinima,Insolacao,Evaporacao Piche,Temp Comp Media,Umidade Relativa Media,Velocidade do Vento Media
2014-01-01,7.1,36.6,25.9,0.0,9.8,30.7,63.0,0.0
2014-01-02,0.8,33.8,24.3,0.0,1.8,29.86,68.25,0.0
2014-01-03,0.0,37.8,27.5,0.0,4.8,32.62,60.5,0.0
2014-01-04,0.0,34.0,28.2,0.0,9.4,30.28,69.5,0.0
2014-01-05,0.0,32.7,25.6,0.0,6.4,28.36,71.25,0.0
2014-01-06,0.0,31.8,25.1,0.0,5.8,27.82,67.75,0.0
2014-01-07,0.0,31.7,24.0,0.0,6.9,27.68,62.25,0.0
2014-01-08,0.0,36.5,24.2,0.0,7.3,29.86,55.25,0.0
2014-01-09,0.0,32.7,26.4,0.0,7.9,29.46,59.5,0.0
2014-01-10,0.0,33.0,25.1,0.0,7.1,28.86,64.25,0.0
2014-01-11,0.0,36.9,25.7,0.0,7.2,31.24,59.25,0.0
2014-01-12,0.0,32.6,27.2,0.0,7.1,29.8,65.0,0.0
2014-01-13,0.0,33.2,25.6,0.0,8.2,29.92,61.0,0.0
2014-01-14,5.2,34.0,24.6,0.0,4.5,29.96,61.25,0.0
2014-01-15,0.0,34.3,26.6,0.0,8.2,29.86,60.0,0.0
2014-01-16,0.0,33.0,22.1,0.0,7.4,26.02,74.25,0.0
2014-01-17,43.8,30.4,21.8,0.0,5.3,25.4,77.5,0.0
2014-01-18,1.2,30.0,23.7,0.0,4.2,26.5,72.25,0.0
2014-01-19,0.0,30.6,24.0,0.0,4.3,26.84,70.25,0.0
2014-01-20,0.0,30.2,23.9,0.0,4.5,27.42,64.75,0.0
2014-01-21,0.0,33.6,25.0,0.0,6.2,29.48,63.75,0.0
2014-01-22,0.0,35.8,26.4,0.0,6.1,30.76,59.75,0.0
2014-01-23,0.0,35.6,27.1,0.0,7.5,30.66,63.5,0.0
2014-01-24,0.0,36.8,26.5,0.0,7.0,30.62,58.75,0.0
2014-01-25,0.0,36.8,26.6,0.0,8.5,30.64,58.75,0.0
2014-01-26,0.0,33.3,26.1,0.0,7.5,29.6,63.25,0.0
2014-01-27,0.0,33.2,26.8,0.0,7.3,30.12,63.25,0.0
2014-01-28,0.0,35.2,25.6,0.0,7.1,30.16,55.25,0.0
2014-01-29,0.0,35.4,24.8,0.0,9.1,29.76,57.25,0.0
2014-01-30,0.0,35.0,25.4,0.0,8.7,29.88,56.5,0.0
2014-01-31,0.0,36.4,25.9,0.0,7.9,30.46,53.5,0.0
2014-02-01,0.0,34.6,26.1,0.0,8.9,30.06,57.75,0.0
2014-02-02,0.0,34.0,26.7,0.0,7.6,29.92,60.75,0.0
2014-02-03,0.0,34.7,26.7,0.0,7.9,30.4,58.75,0.0
2014-02-04,0.0,34.4,26.6,0.0,8.1,30.24,59.0,0.0
2014-02-05,0.0,35.4,26.6,0.0,8.3,30.36,57.25,0.0
2014-02-06,0.0,35.8,26.1,0.0,9.3,30.54,55.0,0.0
2014-02-07,0.0,34.4,26.1,0.0,9.0,30.54,57.0,0.0
2014-02-08,0.0,36.4,27.2,0.0,8.8,31.36,51.5,0.0
2014-02-09,0.0,35.6,26.8,0.0,9.8,30.88,51.5,0.0
2014-02-10,0.0,35.4,26.5,0.0,9.6,30.44,51.25,0.0
2014-02-11,0.0,32.6,25.8,0.0,9.5,29.2,56.75,0.0
2014-02-12,0.0,34.2,25.6,0.0,8.2,29.9,52.75,0.0
2014-02-13,0.0,38.1,25.6,0.0,9.4,31.02,52.25,0.0
2014-02-14,0.0,34.4,26.5,0.0,8.8,29.7,60.5,0.0
2014-02-15,0.0,32.1,25.4,0.0,7.4,27.02,73.25,0.0
2014-02-16,0.0,29.9,23.4,0.0,4.6,25.06,84.0,0.0
2014-02-17,7.4,27.7,23.0,0.0,2.6,25.14,79.75,0.0
2014-02-18,0.4,28.6,23.0,0.0,3.2,25.24,73.5,0.0
2014-02-19,0.6,27.9,22.2,0.0,3.9,24.82,74.0,0.0
2014-02-20,0.7,28.4,23.0,0.0,4.3,26.18,64.75,0.0
2014-02-21,0.0,33.9,23.3,0.0,6.2,28.32,62.25,0.0
2014-02-22,0.0,35.2,25.8,0.0,7.2,29.84,54.25,0.0
2014-02-23,0.0,34.0,26.0,0.0,8.3,29.78,60.25,0.0
2014-02-24,0.0,34.0,26.7,0.0,8.0,29.98,60.25,0.0
2014-02-25,0.0,33.2,25.4,0.0,7.9,29.6,57.0,0.0
2014-02-26,0.0,34.7,25.6,0.0,7.2,30.1,57.5,0.0
2014-02-27,0.0,37.9,26.0,0.0,7.8,31.96,49.5,0.0
2014-02-28,0.0,33.9,26.0,0.0,10.2,28.78,65.75,0.0
2014-03-01,0.9,32.2,24.6,0.0,7.0,27.84,61.0,0.0
2014-03-02,0.2,30.0,24.6,0.0,6.1,26.24,73.75,0.0
2014-03-03,0.0,30.3,23.8,0.0,4.1,26.34,75.0,0.0
2014-03-04,0.0,31.3,23.0,0.0,3.6,26.82,72.0,0.0
2014-03-05,0.0,34.1,24.9,0.0,5.1,28.92,61.75,0.0
2014-03-06,0.0,29.4,25.3,0.0,6.0,26.34,84.0,0.0
2014-03-07,4.5,31.0,24.0,0.0,1.9,26.32,77.25,0.0
2014-03-08,15.9,25.4,22.5,0.0,3.8,23.34,92.0,0.0
2014-03-09,19.5,31.2,22.6,0.0,1.5,26.4,72.25,0.0
2014-03-10,0.0,34.4,24.5,0.0,4.1,29.12,65.75,0.0
2014-03-11,0.0,36.6,25.1,0.0,6.0,30.38,58.0,0.0
2014-03-12,0.0,32.8,25.8,0.0,7.6,28.12,73.75,0.0
2014-03-13,1.2,32.0,25.1,0.0,5.1,28.3,66.25,0.0
2014-03-14,0.0,33.0,25.1,0.0,6.3,28.94,61.25,0.0
2014-03-15,0.0,35.2,25.1,0.0,7.0,29.78,53.75,0.0
2014-03-16,0.0,36.0,25.6,0.0,7.2,30.3,56.75,0.0
2014-03-17,0.0,35.3,25.6,0.0,7.9,29.58,55.25,0.0
2014-03-18,0.0,35.5,24.6,0.0,7.8,29.58,56.25,0.0
2014-03-19,0.0,34.1,25.1,0.0,8.5,29.16,60.75,0.0
2014-03-20,0.0,37.0,25.5,0.0,7.3,31.06,52.25,0.0
2014-03-21,0.0,37.9,26.5,0.0,8.2,30.04,70.5,0.0
2014-03-22,2.4,32.7,24.5,0.0,5.5,26.68,69.75,0.0
2014-03-23,16.6,25.6,23.5,0.0,5.3,24.58,76.25,0.0
2014-03-24,13.2,26.6,22.6,0.0,2.8,24.46,69.25,0.0
2014-03-25,0.0,28.0,22.3,0.0,3.8,24.22,80.5,0.0
2014-03-26,6.1,28.2,21.7,0.0,3.0,24.72,81.75,0.0
2014-03-27,0.0,29.2,23.0,0.0,2.2,24.92,78.5,0.0
2014-03-28,0.0,29.1,22.8,0.0,3.0,25.78,75.25,0.0
2014-03-29,0.0,29.6,23.2,0.0,3.7,26.04,73.5,0.0
2014-03-30,0.0,32.7,23.6,0.0,4.3,27.54,70.5,0.0
2014-03-31,0.0,31.4,24.6,0.0,3.9,27.14,75.75,0.0
2014-04-01,0.0,32.0,24.6,0.0,4.4,27.0,74.5,0.0
2014-04-02,0.0,28.6,24.4,0.0,4.1,26.12,80.5,0.0
2014-04-03,0.0,29.2,24.6,0.0,3.5,26.12,81.75,0.0
2014-04-04,3.9,28.4,23.0,0.0,2.7,25.28,79.25,0.0
2014-04-05,0.0,29.0,23.1,0.0,3.8,25.7,74.25,0.0
2014-04-06,0.0,30.0,21.8,0.0,4.6,25.2,72.25,0.0
2014-04-07,0.0,29.8,21.8,0.0,1.9,25.32,74.25,0.0
2014-04-08,0.0,29.5,22.3,0.0,4.9,25.32,74.0,0.0
2014-04-09,0.0,32.0,23.3,0.0,4.2,27.7,69.75,0.0
2014-04-10,0.0,30.9,24.5,0.0,4.0,27.36,70.75,0.0
2014-04-11,0.0,30.5,23.5,0.0,4.5,26.72,74.25,0.0
2014-04-12,0.0,34.6,24.0,0.0,4.4,29.24,59.0,0.0
2014-04-13,0.0,32.2,24.3,0.0,7.0,26.3,79.5,0.0
2014-04-14,24.5,25.6,20.6,0.0,3.0,22.68,89.25,0.0
2014-04-15,33.5,23.4,19.8,0.0,0.7,21.72,88.25,0.0
2014-04-16,11.9,25.4,20.3,0.0,0.9,22.38,86.5,0.0
2014-04-17,0.6,29.0,21.3,0.0,1.7,24.42,79.25,0.0
2014-04-18,0.0,30.4,22.2,0.0,3.2,25.28,81.5,0.0
2014-04-19,0.0,31.9,23.5,0.0,2.8,27.24,74.0,0.0
2014-04-20,0.0,30.6,23.8,0.0,3.9,26.68,74.5,0.0
2014-04-21,0.0,28.7,23.9,0.0,2.9,26.02,73.25,0.0
2014-04-22,0.0,30.4,22.5,0.0,3.8,25.7,78.0,0.0
2014-04-23,0.2,28.6,24.0,0.0,3.6,25.68,79.0,0.0
2014-04-24,1.5,27.4,21.5,0.0,2.7,23.78,85.75,0.0
2014-04-25,9.0,26.6,21.3,0.0,3.6,23.74,62.0,0.0
2014-04-26,0.0,27.0,19.8,0.0,4.3,23.0,68.5,0.0
2014-04-27,0.5,26.0,19.6,0.0,4.5,22.04,71.0,0.0
2014-04-28,14.8,25.8,17.4,0.0,4.1,21.48,58.5,0.0
2014-04-29,0.0,27.7,17.3,0.0,4.6,22.0,56.0,0.0
2014-04-30,0.0,29.5,18.5,0.0,5.9,23.2,58.5,0.0
2014-05-01,0.0,31.1,20.8,0.0,5.8,25.38,54.5,0.0
2014-05-02,0.0,30.8,20.3,0.0,5.0,25.06,60.0,0.0
2014-05-03,0.0,28.8,20.8,0.0,5.9,24.2,78.75,0.0
2014-05-04,0.0,30.2,21.3,0.0,3.6,25.46,72.25,0.0
2014-05-05,0.0,31.1,22.3,0.0,3.7,26.32,63.5,0.0
2014-05-06,0.0,31.2,22.2,0.0,4.9,26.16,66.5,0.0
2014-05-07,0.0,30.6,20.8,0.0,4.5,25.36,72.0,0.0
2014-05-08,0.0,30.4,23.0,0.0,3.7,25.5,82.5,0.0
2014-05-09,0.0,28.0,23.0,0.0,3.2,24.44,76.5,0.0
2014-05-10,3.7,26.6,19.6,0.0,3.6,21.64,76.0,0.0
2014-05-11,7.5,24.9,19.2,0.0,3.2,21.54,67.25,0.0
2014-05-12,0.0,28.2,17.5,0.0,5.6,22.14,62.0,0.0
2014-05-13,0.0,26.8,17.8,0.0,4.3,22.48,62.75,0.0
2014-05-14,0.0,28.2,19.3,0.0,4.5,23.3,63.5,0.0
2014-05-15,0.0,26.8,19.3,0.0,4.2,22.66,75.5,0.0
2014-05-16,0.0,28.6,19.8,0.0,3.2,23.44,75.25,0.0
2014-05-17,0.0,27.6,20.8,0.0,3.4,23.88,76.5,0.0
2014-05-18,0.0,25.9,21.4,0.0,2.8,23.6,82.75,0.0
2014-05-19,0.8,27.8,20.5,0.0,1.9,23.82,77.25,0.0
2014-05-20,0.0,27.6,20.8,0.0,2.9,23.56,78.0,0.0
2014-05-21,0.0,29.2,20.9,0.0,3.4,24.74,75.0,0.0
2014-05-22,0.0,32.4,21.8,0.0,3.8,27.16,54.5,0.0
2014-05-23,0.0,29.6,23.5,0.0,7.9,25.5,72.75,0.0
2014-05-24,1.4,23.5,20.2,0.0,4.0,21.46,88.75,0.0
2014-05-25,3.6,22.2,19.0,0.0,1.3,20.96,86.25,0.0
2014-05-26,0.0,29.2,18.3,0.0,2.1,24.0,78.75,0.0
2014-05-27,0.0,25.6,21.8,0.0,3.0,22.72,70.0,0.0
2014-05-28,4.1,22.4,18.3,0.0,3.4,19.66,91.0,0.0
2014-05-29,5.6,24.7,18.3,0.0,1.0,21.16,76.5,0.0
2014-05-30,0.0,26.0,18.5,0.0,3.0,21.62,75.0,0.0
2014-05-31,0.0,26.1,18.3,0.0,3.5,21.64,75.75,0.0
2014-06-01,0.0,29.4,18.8,0.0,3.0,23.3,72.5,0.0
2014-06-02,1.2,28.6,20.8,0.0,2.9,23.48,66.5,0.0
2014-06-03,6.2,25.5,20.1,0.0,4.6,21.68,62.5,0.0
2014-06-04,0.0,24.8,18.8,0.0,3.7,21.52,74.75,0.0
2014-06-05,0.0,30.2,18.8,0.0,3.2,23.86,73.75,0.0
2014-06-06,0.0,30.1,22.5,0.0,3.3,25.12,71.5,0.0
2014-06-07,0.0,31.6,22.5,0.0,3.4,26.5,69.75,0.0
2014-06-08,0.0,32.2,24.6,0.0,4.6,27.34,55.0,0.0
2014-06-09,0.0,31.6,23.0,0.0,6.6,26.0,66.25,0.0
2014-06-10,2.5,25.3,21.3,0.0,4.3,23.2,82.25,0.0
2014-06-11,16.2,27.1,21.2,0.0,2.1,23.46,78.75,0.0
2014-06-12,0.0,27.6,21.1,0.0,2.6,23.72,79.0,0.0
2014-06-13,0.0,28.0,22.3,0.0,3.4,23.94,74.0,0.0
2014-06-14,0.0,29.1,20.4,0.0,3.5,24.42,69.75,0.0
2014-06-15,0.0,28.4,21.2,0.0,3.5,24.14,77.0,0.0
2014-06-16,0.0,27.4,21.4,0.0,3.0,23.54,76.0,0.0
2014-06-17,0.0,28.8,20.5,0.0,3.0,23.34,77.0,0.0
2014-06-18,0.0,27.0,20.3,0.0,2.7,23.34,85.5,0.0
2014-06-19,5.4,23.3,17.8,0.0,2.6,19.46,91.25,0.0
2014-06-20,11.2,24.6,17.3,0.0,1.0,20.66,75.5,0.0
2014-06-21,0.0,24.6,19.1,0.0,3.1,21.42,77.5,0.0
2014-06-22,0.0,25.3,19.6,0.0,3.2,21.6,72.5,0.0
2014-06-23,0.0,26.0,18.3,0.0,3.8,22.06,71.25,0.0
2014-06-24,0.0,28.4,18.8,0.0,3.2,23.56,64.25,0.0
2014-06-25,0.0,27.2,19.3,0.0,3.4,23.14,70.5,0.0
2014-06-26,0.0,28.8,19.8,0.0,3.4,23.98,64.75,0.0
2014-06-27,0.0,30.3,19.8,0.0,3.5,24.02,62.75,0.0
2014-06-28,0.0,26.2,20.3,0.0,4.0,22.9,77.25,0.0
2014-06-29,0.0,31.2,20.5,0.0,2.2,25.4,71.0,0.0
2014-06-30,0.0,27.4,22.5,0.0,3.2,23.82,79.5,0.0
2014-07-01,16.0,26.4,21.1,0.0,3.5,22.98,77.5,0.0
2014-07-02,0.0,25.7,21.0,0.0,2.9,22.74,80.0,0.0
2014-07-03,0.0,28.6,20.3,0.0,3.1,23.5,78.5,0.0
2014-07-04,0.0,27.9,20.4,0.0,2.1,23.8,80.25,0.0
2014-07-05,0.0,28.8,20.3,0.0,2.4,23.82,72.75,0.0
2014-07-06,0.0,30.0,19.8,0.0,4.0,24.48,64.0,0.0
2014-07-07,0.0,30.4,21.8,0.0,5.0,25.26,67.75,0.0
2014-07-08,0.0,25.5,21.6,0.0,4.6,22.58,81.5,0.0
2014-07-09,2.2,26.2,20.1,0.0,2.4,22.44,79.0,0.0
2014-07-10,0.0,22.6,19.3,0.0,3.0,20.5,91.0,0.0
2014-07-11,28.1,23.0,18.3,0.0,1.3,20.18,88.0,0.0
2014-07-12,13.7,22.8,18.2,0.0,1.5,20.58,81.75,0.0
2014-07-13,0.0,24.8,18.7,0.0,2.8,21.52,68.0,0.0
2014-07-14,0.0,26.2,18.8,0.0,5.1,21.16,66.0,0.0
2014-07-15,0.0,25.1,18.4,0.0,4.8,21.14,69.0,0.0
2014-07-16,0.0,27.8,16.8,0.0,4.4,22.42,66.75,0.0
2014-07-17,0.0,30.8,19.4,0.0,3.8,24.4,67.75,0.0
2014-07-18,0.0,31.0,20.7,0.0,3.8,24.68,64.75,0.0
2014-07-19,0.5,24.1,19.1,0.0,5.7,20.66,65.0,0.0
2014-07-20,0.0,23.7,18.8,0.0,3.6,20.54,61.25,0.0
2014-07-21,0.0,23.9,18.0,0.0,4.0,20.98,66.5,0.0
2014-07-22,0.0,27.2,18.1,0.0,5.2,22.06,67.75,0.0
2014-07-23,0.0,29.6,18.8,0.0,4.0,23.86,51.5,0.0
2014-07-24,0.0,31.2,18.8,0.0,5.8,25.62,54.25,0.0
2014-07-25,2.2,26.7,18.7,0.0,5.4,21.54,79.0,0.0
2014-07-26,2.8,20.2,17.8,0.0,2.5,19.3,87.75,0.0
2014-07-27,3.9,21.2,18.6,0.0,1.0,19.44,93.0,0.0
2014-07-28,18.1,21.9,17.7,0.0,0.8,19.92,82.25,0.0
2014-07-29,0.0,23.6,18.3,0.0,2.3,20.14,78.0,0.0
2014-07-30,0.0,24.0,16.3,0.0,3.1,19.74,76.75,0.0
2014-07-31,0.0,24.2,16.7,0.0,3.3,20.56,75.25,0.0
2014-08-01,0.0,28.0,18.0,0.0,3.1,22.56,69.75,0.0
2014-08-02,0.0,28.8,18.8,0.0,3.0,23.12,66.75,0.0
2014-08-03,0.0,30.0,19.2,0.0,3.9,24.36,61.75,0.0
2014-08-04,0.0,33.9,20.4,0.0,4.9,26.66,53.5,0.0
2014-08-05,0.0,28.0,19.3,0.0,6.1,21.34,63.75,0.0
2014-08-06,0.0,24.0,16.3,0.0,3.4,19.74,60.5,0.0
2014-08-07,0.0,27.8,16.1,0.0,5.3,21.38,63.75,0.0
2014-08-08,0.0,26.2,16.8,0.0,3.9,21.24,69.0,0.0
2014-08-09,1.8,21.6,18.8,0.0,4.3,20.16,83.0,0.0
2014-08-10,0.2,27.5,18.8,0.0,2.7,22.64,70.25,0.0
2014-08-11,0.0,29.9,19.2,0.0,3.2,24.5,59.5,0.0
2014-08-12,0.0,31.2,19.4,0.0,5.2,25.56,55.5,0.0
2014-08-13,0.0,28.7,19.1,0.0,6.4,22.3,75.5,0.0
2014-08-14,8.6,19.1,15.3,0.0,3.6,17.04,88.5,0.0
2014-08-15,3.2,22.9,15.4,0.0,1.4,19.7,74.5,0.0
2014-08-16,0.0,24.6,18.8,0.0,3.6,21.04,72.0,0.0
2014-08-17,0.0,27.6,18.6,0.0,3.4,22.72,68.75,0.0
2014-08-18,0.0,25.8,20.1,0.0,3.8,22.78,72.25,0.0
2014-08-19,0.0,24.4,20.3,0.0,3.6,22.1,74.0,0.0
2014-08-20,0.0,25.2,20.3,0.0,2.8,22.18,73.0,0.0
2014-08-21,0.0,25.8,19.1,0.0,4.1,22.3,78.0,0.0
2014-08-22,0.0,31.4,19.1,0.0,2.8,23.62,65.25,0.0
2014-08-23,0.0,31.4,19.1,0.0,3.8,23.62,65.25,0.0
2014-08-24,0.0,33.3,19.8,0.0,3.8,23.62,65.25,0.0
2014-08-25,0.0,34.0,20.2,0.0,1.7,27.6,36.25,0.0
2014-08-26,0.0,32.2,22.4,0.0,8.7,26.0,61.75,0.0
2014-08-27,0.0,25.2,21.0,0.0,5.6,22.36,73.5,0.0
2014-08-28,0.2,21.3,17.0,0.0,3.2,18.94,80.75,0.0
2014-08-29,4.1,20.5,16.3,0.0,1.9,19.14,76.0,0.0
2014-08-30,0.0,23.8,18.1,0.0,2.3,20.7,77.0,0.0
2014-08-31,0.0,31.1,17.6,0.0,3.0,23.3,70.5,0.0
2014-09-01,0.4,32.7,20.4,0.0,4.5,25.94,56.75,0.0
2014-09-02,0.0,26.3,20.3,0.0,5.3,22.8,75.5,0.0
2014-09-03,4.8,31.3,19.1,0.0,4.1,23.56,68.25,0.0
2014-09-04,14.3,23.2,18.8,0.0,6.1,20.36,76.75,0.0
2014-09-05,1.3,24.0,17.8,0.0,4.0,20.36,60.25,0.0
2014-09-06,0.0,28.0,17.8,0.0,6.0,21.92,56.5,0.0
2014-09-07,0.0,30.1,18.3,0.0,5.6,24.02,57.5,0.0
2014-09-08,0.0,27.2,19.4,0.0,6.7,22.94,63.0,0.0
2014-09-09,0.0,29.8,19.1,0.0,5.5,24.3,61.75,0.0
2014-09-10,0.0,32.7,20.1,0.0,5.9,26.5,52.25,0.0
2014-09-11,0.0,35.8,21.8,0.0,7.3,26.52,57.75,0.0
2014-09-12,0.0,27.0,21.3,0.0,6.8,23.26,72.0,0.0
2014-09-13,0.0,26.9,20.1,0.0,4.8,23.52,69.25,0.0
2014-09-14,0.0,29.8,19.5,0.0,4.8,24.4,63.25,0.0
2014-09-15,0.0,35.0,20.4,0.0,5.3,28.08,46.5,0.0
2014-09-16,0.0,31.0,22.8,0.0,8.1,25.0,69.75,0.0
2014-09-17,0.0,23.8,19.6,0.0,5.5,21.56,77.75,0.0
2014-09-18,0.0,26.6,20.1,0.0,3.0,23.06,77.5,0.0
2014-09-19,0.0,28.3,21.2,0.0,3.4,24.28,71.75,0.0
2014-09-20,0.0,30.4,22.5,0.0,4.5,25.1,73.25,0.0
2014-09-21,3.9,24.7,20.3,0.0,6.5,21.78,85.25,0.0
2014-09-22,4.3,25.0,19.1,0.0,3.7,21.7,63.0,0.0
2014-09-23,0.0,25.8,17.8,0.0,4.7,21.84,68.5,0.0
2014-09-24,0.0,35.1,19.1,0.0,4.7,25.88,49.5,0.0
2014-09-25,0.0,28.0,21.2,0.0,6.1,24.56,70.75,0.0
2014-09-26,0.0,32.6,22.5,0.0,4.1,25.06,71.5,0.0
2014-09-27,0.6,29.0,22.5,0.0,3.7,25.22,74.0,0.0
2014-09-28,0.0,27.9,21.7,0.0,4.0,24.52,82.25,0.0
2014-09-29,0.0,34.9,22.1,0.0,2.5,26.76,67.75,0.0
2014-09-30,0.0,31.9,23.0,0.0,4.5,26.64,66.75,0.0
2014-10-01,0.0,33.1,23.8,0.0,5.1,26.78,66.75,0.0
2014-10-02,16.2,26.0,20.7,0.0,5.2,22.2,72.25,0.0
2014-10-03,0.7,23.4,17.4,0.0,4.3,19.84,67.5,0.0
2014-10-04,0.0,22.9,17.8,0.0,6.3,20.02,62.5,0.0
2014-10-05,0.0,23.3,18.2,0.0,6.0,20.22,60.75,0.0
2014-10-06,0.0,24.8,17.6,0.0,5.2,20.82,63.5,0.0
2014-10-07,0.0,27.8,18.3,0.0,5.4,23.18,60.75,0.0
2014-10-08,0.0,30.5,19.5,0.0,6.5,24.12,62.0,0.0
2014-10-09,0.0,30.5,20.2,0.0,6.1,25.06,60.5,0.0
2014-10-10,0.0,34.4,21.2,0.0,6.5,27.48,59.5,0.0
2014-10-11,0.0,34.0,24.0,0.0,7.5,26.96,69.0,0.0
2014-10-12,0.0,26.6,20.4,0.0,8.3,23.46,76.0,0.0
2014-10-13,0.0,37.8,21.2,0.0,3.2,27.28,63.5,0.0
2014-10-14,0.0,28.4,21.8,0.0,6.1,24.64,76.25,0.0
2014-10-15,0.0,27.6,22.5,0.0,3.7,24.42,77.25,2.5722
2014-10-16,0.0,28.4,22.1,0.0,4.9,25.66,72.0,0.51444
2014-10-17,0.0,29.5,23.0,0.0,4.5,26.18,70.5,0.366667
2014-10-18,0.0,29.2,23.3,0.0,5.1,25.38,76.0,0.0
2014-10-19,0.0,34.2,23.0,0.0,3.9,27.12,68.0,1.2
2014-10-20,2.0,31.8,23.5,0.0,6.5,25.86,76.75,3.0
2014-10-21,1.9,23.8,20.3,0.0,4.2,21.78,68.0,1.37184
2014-10-22,1.1,23.2,17.8,0.0,3.6,21.08,69.5,1.37184
2014-10-23,0.0,26.8,20.4,0.0,5.0,23.24,64.75,5.65
2014-10-24,0.0,28.8,20.0,0.0,5.1,24.36,66.0,1.37184
2014-10-25,0.0,27.4,21.4,0.0,5.8,24.28,71.25,0.266667
2014-10-26,0.0,27.7,22.5,0.0,4.0,23.92,80.75,3.4
2014-10-27,6.5,27.7,21.3,0.0,4.2,23.84,71.5,2.1333330000000004
2014-10-28,0.0,26.4,20.0,0.0,4.4,23.04,71.5,2.233333
2014-10-29,0.0,29.0,20.3,0.0,5.2,25.58,69.75,0.166667
2014-10-30,0.0,35.9,23.2,0.0,6.0,29.72,63.25,1.0
2014-10-31,0.0,36.2,27.2,0.0,8.8,30.0,70.75,0.266667
2014-11-01,6.5,36.0,25.1,0.0,7.5,29.38,63.0,3.4
2014-11-02,0.0,32.4,25.3,0.0,7.8,27.58,68.5,1.333333
2014-11-03,0.0,29.9,21.8,0.0,5.2,26.78,59.75,2.0
2014-11-04,0.0,34.6,23.7,0.0,7.3,28.86,56.25,0.466667
2014-11-05,0.0,33.0,25.0,0.0,9.5,27.84,62.0,2.266667
2014-11-06,0.6,28.4,23.3,0.0,6.0,24.98,80.5,0.166667
2014-11-07,0.0,34.8,22.7,0.0,3.3,28.36,62.75,1.666667
2014-11-08,0.0,31.0,24.6,0.0,6.7,26.72,72.75,0.5
2014-11-09,3.5,26.4,23.5,0.0,5.2,24.22,79.0,0.8
2014-11-10,0.0,26.9,21.6,0.0,3.6,24.22,71.5,1.066667
2014-11-11,0.0,26.6,21.8,0.0,5.2,24.4,68.25,2.666667
2014-11-12,0.0,29.8,22.3,0.0,5.3,25.86,72.5,0.13333299999999998
2014-11-13,1.6,34.1,24.2,0.0,4.6,27.44,67.0,1.333333
2014-11-14,5.1,25.8,20.7,0.0,6.0,22.42,80.5,0.13333299999999998
2014-11-15,7.1,22.6,18.5,0.0,2.7,19.66,89.0,0.1
2014-11-16,17.5,25.0,19.3,0.0,1.5,21.78,67.5,1.666667
2014-11-17,0.2,25.6,19.3,0.0,4.2,22.52,57.75,1.333333
2014-11-18,0.0,26.4,20.3,0.0,7.1,23.3,59.5,2.0
2014-11-19,0.0,27.8,20.3,0.0,7.4,24.34,57.75,2.5333330000000003
2014-11-20,0.0,29.2,21.0,0.0,7.6,24.92,54.25,0.06666699999999999
2014-11-21,0.0,30.9,21.3,0.0,7.4,26.8,59.25,1.8666669999999999
2014-11-22,0.0,35.9,24.0,0.0,6.4,27.98,65.25,0.866667
2014-11-23,0.0,28.1,24.4,0.0,6.1,25.42,84.25,0.0
2014-11-24,6.3,28.5,23.5,0.0,2.5,25.68,81.75,1.8666669999999999
2014-11-25,0.0,33.6,23.5,0.0,3.1,28.42,67.25,1.0
2014-11-26,0.0,34.4,26.7,0.0,6.0,28.78,68.25,0.666667
2014-11-27,4.4,27.8,24.0,0.0,2.4,25.42,83.5,0.666667
2014-11-28,2.7,26.9,22.6,0.0,3.6,24.14,82.25,0.3
2014-11-29,3.5,26.2,22.5,0.0,2.2,24.32,75.75,1.066667
2014-11-30,0.0,26.0,22.3,0.0,3.8,24.42,76.75,2.2
2014-12-01,0.0,32.7,23.8,0.0,3.9,27.46,69.5,0.533333
2014-12-02,0.0,36.3,24.0,0.0,5.5,29.34,59.0,0.0
2014-12-03,0.0,35.2,25.0,0.0,7.6,29.66,59.0,1.333333
2014-12-04,0.0,33.3,24.3,0.0,7.5,27.16,69.25,1.54332
2014-12-05,26.2,24.6,20.7,0.0,6.0,22.3,86.0,2.0
2014-12-06,0.6,29.1,21.3,0.0,1.9,24.56,73.25,0.0
2014-12-07,0.0,29.9,23.0,0.0,5.0,26.34,69.75,3.333333
2014-12-08,0.0,33.6,23.4,0.0,5.2,28.14,69.0,2.666667
2014-12-09,0.0,35.6,24.6,0.0,5.9,29.24,63.5,0.366667
2014-12-10,0.0,34.4,25.1,0.0,7.6,29.14,64.75,0.06666699999999999
2014-12-11,0.0,35.8,25.1,0.0,6.7,29.92,59.25,0.933333
2014-12-12,0.0,35.4,25.6,0.0,7.4,29.68,60.0,1.133333
2014-12-13,0.0,34.4,24.3,0.0,8.4,27.58,79.25,0.166667
2014-12-14,8.0,31.7,24.6,0.0,3.9,26.62,79.0,1.6
2014-12-15,4.0,27.8,23.6,0.0,5.0,25.08,61.75,3.733333
2014-12-16,0.0,28.4,21.8,0.0,5.2,24.88,68.0,0.43333299999999997
2014-12-17,0.0,27.8,21.6,0.0,6.3,25.04,66.75,0.3
2014-12-18,0.0,34.8,23.4,0.0,6.7,28.06,79.5,1.7
2014-12-19,0.0,30.4,25.5,0.0,8.5,27.18,72.75,0.2
2014-12-20,0.0,31.4,25.1,0.0,5.8,28.42,71.75,0.06666699999999999
2014-12-21,0.0,37.0,25.4,0.0,5.5,31.36,51.25,1.54332
2014-12-22,0.0,37.5,28.3,0.0,10.7,31.36,65.75,0.366667
2014-12-23,0.1,29.3,25.7,0.0,7.6,26.96,84.75,0.666667
2014-12-24,2.1,30.4,24.7,0.0,2.7,26.74,76.75,0.0
2014-12-25,3.9,30.2,24.4,0.0,3.4,27.08,73.0,1.0
2014-12-26,0.0,32.0,24.6,0.0,4.8,28.28,67.5,0.13333299999999998
2014-12-27,0.0,31.8,24.8,0.0,5.9,28.44,63.0,0.166667
2014-12-28,0.0,37.3,25.1,0.0,7.3,30.58,56.75,0.933333
2014-12-29,0.0,36.3,28.1,0.0,8.6,31.08,56.0,1.066667
2014-12-30,0.0,34.2,26.6,0.0,7.9,29.12,67.5,0.06666699999999999
2014-12-31,0.0,37.7,26.7,0.0,7.3,29.72,70.5,0.13333299999999998
2015-01-01,0.3,36.8,26.6,0.0,6.5,31.88,49.25,0.933333
2015-01-02,0.0,37.4,27.8,0.0,8.2,32.0,65.25,0.733333
2015-01-03,0.0,32.6,27.1,0.0,9.2,29.02,72.25,0.266667
2015-01-04,0.0,32.8,25.5,0.0,4.9,27.94,78.25,0.8
2015-01-05,2.3,31.4,23.6,0.0,3.7,26.04,81.25,0.6
2015-01-06,3.5,31.5,23.5,0.0,3.2,27.4,70.75,0.23333299999999998
2015-01-07,0.0,34.4,24.7,0.0,5.5,30.04,56.5,0.4
2015-01-08,0.0,35.2,25.6,0.0,7.5,30.52,54.25,0.4
2015-01-09,0.0,38.5,25.6,0.0,9.0,31.78,49.5,0.0
2015-01-10,0.0,38.3,27.9,0.0,11.0,32.64,45.75,1.133333
2015-01-11,0.0,35.9,26.0,0.0,10.3,30.8,55.0,0.0
2015-01-12,0.0,37.7,27.1,0.0,7.2,32.32,54.0,1.666667
2015-01-13,0.0,34.0,28.5,0.0,10.1,31.14,59.5,0.166667
2015-01-14,0.0,35.6,27.2,0.0,7.8,30.88,64.0,0.166667
2015-01-15,0.0,35.1,27.1,0.0,7.3,30.54,64.75,0.8
2015-01-16,0.0,32.4,27.2,0.0,7.5,29.8,67.75,0.23333299999999998
2015-01-17,0.0,35.6,25.7,0.0,6.4,30.42,63.75,0.4
2015-01-18,0.0,34.5,25.6,0.0,8.6,30.18,58.0,1.6
2015-01-19,0.0,34.6,27.2,0.0,6.7,30.58,58.5,1.333333
2015-01-20,0.0,34.7,26.6,0.0,8.2,30.78,57.5,0.0
2015-01-21,0.0,34.3,27.8,0.0,7.6,30.14,66.75,0.13333299999999998
2015-01-22,0.0,32.4,24.6,0.0,6.2,27.08,78.75,0.0
2015-01-23,4.5,31.8,23.8,0.0,4.0,27.48,74.25,1.033333
2015-01-24,0.0,31.8,24.5,0.0,4.2,27.62,72.75,0.1
2015-01-25,0.0,36.4,25.1,0.0,4.5,29.82,59.0,0.0
2015-01-26,0.0,34.1,26.8,0.0,7.3,29.5,66.0,0.7
2015-01-27,0.0,35.7,26.1,0.0,6.9,29.52,66.5,0.6
2015-01-28,0.0,34.4,26.6,0.0,5.8,28.44,74.5,1.166667
2015-01-29,0.0,37.1,25.8,0.0,5.2,30.98,61.25,0.366667
2015-01-30,0.0,35.0,28.4,0.0,8.0,30.24,73.25,0.23333299999999998
2015-01-31,28.6,31.0,24.3,0.0,5.5,26.78,83.5,0.23333299999999998
2015-02-01,3.4,31.0,25.6,0.0,4.0,28.0,73.5,0.933333
2015-02-02,21.0,27.8,24.0,0.0,4.2,25.36,83.25,0.3
2015-02-03,3.6,31.4,24.0,0.0,2.3,26.08,77.25,0.666667
2015-02-04,11.1,31.0,23.5,0.0,4.5,26.14,77.75,0.666667
2015-02-05,0.5,30.4,24.2,0.0,4.0,26.76,74.75,0.633333
2015-02-06,1.9,27.6,25.4,0.0,4.4,26.16,79.5,1.05
2015-02-07,13.3,30.1,22.8,0.0,2.9,25.96,81.25,0.0
2015-02-08,1.1,30.0,24.0,0.0,2.9,25.82,81.25,0.766667
2015-02-09,0.4,32.5,23.4,0.0,3.2,27.82,75.5,1.35
2015-02-10,0.0,37.2,25.7,0.0,4.7,30.02,65.5,0.0
2015-02-11,0.0,38.1,25.1,0.0,5.9,31.06,60.0,0.866667
2015-02-12,0.0,38.5,27.5,0.0,8.4,32.18,59.25,1.033333
2015-02-13,0.0,36.7,28.2,0.0,8.6,31.5,61.5,1.233333
2015-02-14,0.0,34.3,29.0,0.0,7.6,30.64,71.0,0.666667
2015-02-15,0.0,36.2,23.4,0.0,6.2,27.16,76.75,0.766667
2015-02-16,21.4,29.0,23.3,0.0,4.5,26.32,78.25,0.766667
2015-02-17,0.0,34.8,26.1,0.0,3.7,28.28,71.5,0.13333299999999998
2015-02-18,1.6,35.1,25.5,0.0,4.2,28.94,61.75,0.0
2015-02-19,0.0,37.5,27.1,0.0,5.8,31.62,54.75,0.0
2015-02-20,0.0,37.4,27.6,0.0,8.1,31.18,56.75,0.4
2015-02-21,0.0,33.6,26.1,0.0,8.1,28.98,61.0,0.2
2015-02-22,0.0,33.5,25.7,0.0,7.6,28.58,73.25,1.333333
2015-02-23,0.0,33.0,26.5,0.0,6.2,29.14,70.0,0.666667
2015-02-24,0.0,33.2,25.6,0.0,5.4,29.16,65.0,0.266667
2015-02-25,0.0,35.2,26.1,0.0,7.0,30.02,61.75,0.166667
2015-02-26,0.0,32.6,26.5,0.0,6.1,28.8,68.75,0.0
2015-02-27,0.0,34.0,25.1,0.0,5.9,28.42,70.5,0.1
2015-02-28,0.0,31.4,26.5,0.0,6.2,27.86,75.25,0.43333299999999997
2015-03-01,0.0,29.2,24.2,0.0,5.3,26.8,66.0,1.9333330000000002
2015-03-02,0.0,29.9,24.4,0.0,6.5,27.1,65.0,0.666667
2015-03-03,0.0,30.5,24.0,0.0,6.8,27.26,70.25,0.366667
2015-03-04,0.0,30.5,24.9,0.0,5.2,27.6,73.75,0.2
2015-03-05,0.0,33.5,24.7,0.0,4.7,28.76,68.25,1.366667
2015-03-06,0.0,35.7,25.6,0.0,5.9,29.86,60.5,0.333333
2015-03-07,0.0,29.8,23.0,0.0,7.6,25.12,83.5,0.1
2015-03-08,16.5,30.4,23.3,0.0,3.2,26.14,77.75,0.4
2015-03-09,2.4,31.2,24.6,0.0,3.5,26.96,84.25,0.0
2015-03-10,4.0,30.0,24.6,0.0,1.8,26.84,78.0,0.0
2015-03-11,0.5,31.6,26.4,0.0,3.1,28.12,75.75,0.0
2015-03-12,0.0,33.0,25.7,0.0,3.4,27.86,78.0,0.866667
2015-03-13,0.0,32.8,25.0,0.0,4.1,26.84,87.5,0.13333299999999998
2015-03-14,3.4,29.9,24.0,0.0,3.1,26.74,84.0,0.13333299999999998
2015-03-15,0.0,32.6,25.7,0.0,3.0,28.58,71.75,0.4
2015-03-16,0.0,33.3,25.6,0.0,4.3,27.82,81.25,1.366667
2015-03-17,48.4,27.2,22.6,0.0,4.0,24.92,85.5,0.06666699999999999
2015-03-18,0.4,30.2,23.6,0.0,1.7,26.4,86.5,0.166667
2015-03-19,2.2,31.0,24.5,0.0,3.0,27.26,77.25,1.066667
2015-03-20,0.0,30.8,24.6,0.0,4.6,26.72,82.25,0.266667
2015-03-21,0.0,27.2,24.4,0.0,3.1,25.68,85.5,0.06666699999999999
2015-03-22,3.3,31.2,24.0,0.0,1.7,26.54,85.0,0.8
2015-03-23,55.0,25.9,22.4,0.0,2.4,23.46,88.0,0.533333
2015-03-24,4.3,28.5,21.6,0.0,1.7,25.18,72.75,0.533333
2015-03-25,1.0,29.2,23.0,0.0,4.3,25.52,73.0,0.266667
2015-03-26,0.0,31.2,22.7,0.0,5.2,27.14,74.5,0.0
2015-03-27,0.0,30.4,24.4,0.0,5.0,27.8,68.75,0.166667
2015-03-28,0.0,28.8,25.4,0.0,5.0,26.32,80.0,0.766667
2015-03-29,1.2,30.5,23.5,0.0,8.5,25.84,83.75,1.6
2015-03-30,15.6,31.2,23.4,0.0,3.2,27.56,78.5,0.0
2015-03-31,0.1,33.2,25.6,0.0,2.9,28.76,72.5,0.166667
2015-04-01,0.0,28.8,25.6,0.0,4.7,26.52,75.5,0.666667
2015-04-02,0.2,28.1,23.9,0.0,3.6,25.44,78.0,0.5
2015-04-03,0.0,28.8,21.8,0.0,3.9,24.96,68.0,0.3
2015-04-04,0.0,31.0,21.8,0.0,6.1,25.72,71.0,0.2
2015-04-05,0.0,34.2,23.6,0.0,5.5,27.34,76.0,0.0
2015-04-06,2.3,34.1,25.5,0.0,4.9,27.54,74.5,2.933333
2015-04-07,14.2,25.6,20.8,0.0,5.5,22.6,81.25,2.933333
2015-04-08,11.9,28.0,20.1,0.0,2.4,23.9,69.0,2.933333
2015-04-09,0.0,27.7,21.7,0.0,5.1,24.36,83.5,2.933333
2015-04-10,0.0,27.8,23.0,0.0,5.5,25.08,72.0,2.933333
2015-04-11,0.0,29.6,21.6,0.0,5.2,25.0,76.25,2.933333
2015-04-12,0.0,28.8,21.8,0.0,5.2,25.0,73.0,2.933333
2015-04-13,0.0,29.0,22.6,0.0,1.5,25.2,73.25,2.933333
2015-04-14,0.0,28.8,23.0,0.0,8.6,25.4,76.25,2.933333
2015-04-15,0.0,33.0,23.0,0.0,5.0,27.56,66.0,2.933333
2015-04-16,0.0,31.2,24.9,0.0,5.5,26.84,75.25,2.933333
2015-04-17,0.3,30.8,24.0,0.0,4.5,26.36,78.75,2.933333
2015-04-18,0.0,33.1,23.4,0.0,3.6,27.9,74.0,2.933333
2015-04-19,0.0,29.8,25.0,0.0,4.2,26.72,82.0,2.933333
2015-04-20,0.0,31.2,25.0,0.0,4.3,27.96,79.5,2.933333
2015-04-21,0.0,34.0,24.7,0.0,2.2,27.74,75.75,2.933333
2015-04-22,0.4,27.5,22.9,0.0,4.0,24.36,87.5,2.933333
2015-04-23,10.3,26.7,22.6,0.0,1.9,24.36,86.0,2.933333
2015-04-24,0.7,30.6,22.5,0.0,2.7,26.06,79.25,2.933333
2015-04-25,0.5,28.2,24.0,0.0,3.7,25.28,70.25,2.933333
2015-04-26,1.4,27.5,21.2,0.0,4.9,24.04,80.75,2.933333
2015-04-27,0.5,27.7,21.8,0.0,2.4,24.0,79.25,2.933333
2015-04-28,0.0,27.6,21.5,0.0,3.5,24.58,79.25,2.933333
2015-04-29,0.0,28.0,22.5,0.0,4.6,24.46,75.75,2.933333
2015-04-30,10.0,24.2,19.3,0.0,3.4,21.06,87.5,2.933333
2015-05-01,13.3,25.6,19.4,0.0,1.6,22.64,74.25,2.933333
2015-05-02,0.0,27.7,20.5,0.0,4.0,23.8,77.25,2.933333
2015-05-03,0.0,32.5,22.2,0.0,3.6,26.66,74.25,2.933333
2015-05-04,0.0,31.9,23.8,0.0,5.0,26.88,73.25,2.933333
2015-05-05,13.4,26.2,21.5,0.0,4.1,23.66,76.75,2.933333
2015-05-06,0.0,24.0,20.8,0.0,3.8,22.04,85.75,2.933333
2015-05-07,0.0,25.6,20.5,0.0,1.9,22.92,76.5,2.933333
2015-05-08,11.1,23.6,19.8,0.0,4.1,21.56,76.75,2.933333
2015-05-09,1.0,27.4,18.3,0.0,2.0,22.34,74.5,2.933333
2015-05-10,0.0,29.4,19.4,0.0,3.6,24.02,71.75,2.933333
2015-05-11,1.0,29.7,21.4,0.0,4.0,24.36,80.5,2.933333
2015-05-12,5.3,27.2,20.8,0.0,4.0,23.52,74.5,2.933333
2015-05-13,1.6,25.8,20.8,0.0,3.6,22.92,80.5,2.933333
2015-05-14,0.3,25.9,19.7,0.0,3.3,22.16,79.0,2.933333
2015-05-15,0.0,26.8,18.8,0.0,3.4,22.4,75.25,2.933333
2015-05-16,0.0,25.8,19.8,0.0,3.6,22.52,77.5,2.933333
2015-05-17,0.0,26.8,21.3,0.0,4.1,23.6,78.25,2.933333
2015-05-18,0.0,27.1,21.6,0.0,4.0,23.86,78.5,2.933333
2015-05-19,0.0,27.6,21.3,0.0,3.7,23.42,77.5,2.933333
2015-05-20,0.0,26.6,20.1,0.0,3.8,23.42,73.75,2.933333
2015-05-21,0.0,27.2,21.5,0.0,3.8,23.94,73.0,2.933333
2015-05-22,0.0,28.1,20.3,0.0,4.2,23.68,75.0,2.933333
2015-05-23,0.0,28.2,19.8,0.0,4.1,23.68,71.5,2.933333
2015-05-24,0.0,30.6,20.3,0.0,3.4,25.32,68.25,2.933333
2015-05-25,0.0,30.9,21.2,0.0,5.0,25.9,64.25,2.933333
2015-05-26,0.0,28.6,21.5,0.0,4.9,24.26,80.5,2.933333
2015-05-27,0.0,30.3,20.4,0.0,3.1,25.06,75.25,2.933333
2015-05-28,0.0,33.6,22.4,0.0,3.9,25.82,74.75,2.933333
2015-05-29,15.9,25.4,21.3,0.0,4.7,22.54,80.5,2.933333
2015-05-30,1.1,25.4,19.5,0.0,3.0,22.06,81.0,2.933333
2015-05-31,0.2,22.4,20.3,0.0,3.3,21.52,91.75,2.933333
2015-06-01,1.6,24.3,20.6,0.0,0.8,22.18,83.0,2.933333
2015-06-02,1.7,23.5,19.8,0.0,2.0,21.34,86.5,2.933333
2015-06-03,0.0,26.4,20.2,0.0,2.4,22.64,74.0,2.933333
2015-06-04,0.0,27.2,18.8,0.0,3.5,22.68,78.25,2.933333
2015-06-05,0.0,28.1,18.8,0.0,4.0,23.18,80.25,2.933333
2015-06-06,0.0,30.3,19.8,0.0,2.4,24.22,79.75,2.933333
2015-06-07,0.0,30.6,20.7,0.0,3.6,25.5,71.25,2.933333
2015-06-08,0.0,32.0,20.8,0.0,4.9,25.76,69.5,2.933333
2015-06-09,0.0,30.4,20.3,0.0,4.6,24.9,68.75,2.933333
2015-06-10,0.0,31.0,20.0,0.0,5.2,25.0,72.75,2.933333
2015-06-11,0.0,30.8,20.6,0.0,4.6,25.48,69.0,2.933333
2015-06-12,0.0,28.2,20.8,0.0,4.4,23.84,82.5,2.933333
2015-06-13,0.0,31.3,21.1,0.0,3.0,26.24,69.0,2.933333
2015-06-14,0.0,32.2,21.8,0.0,3.8,26.46,66.0,2.933333
2015-06-15,0.0,28.6,19.2,0.0,7.7,22.84,88.0,0.4
2015-06-16,5.6,20.9,18.8,0.0,1.8,19.9,87.25,0.2
2015-06-17,0.7,26.6,18.8,0.0,1.5,22.8,83.5,0.06666699999999999
2015-06-18,0.0,31.9,20.1,0.0,1.9,25.88,76.75,0.0
2015-06-19,9.9,27.7,18.0,0.0,4.0,20.7,92.0,0.933333
2015-06-20,19.9,22.5,17.1,0.0,1.7,19.92,76.25,0.0
2015-06-21,0.1,24.8,18.0,0.0,3.6,20.88,77.75,0.0
2015-06-22,0.3,26.6,19.2,0.0,2.7,22.66,79.75,0.0
2015-06-23,0.0,29.9,18.9,0.0,2.2,23.16,75.25,0.866667
2015-06-24,19.0,24.3,18.8,0.0,4.3,20.86,85.25,0.333333
2015-06-25,6.4,22.0,17.4,0.0,2.2,19.3,80.75,0.0
2015-06-26,0.0,23.2,17.8,0.0,3.3,20.04,82.0,0.3
2015-06-27,0.3,24.0,17.8,0.0,2.7,20.44,79.5,0.166667
2015-06-28,0.0,24.6,17.8,0.0,3.5,20.9,83.5,0.933333
2015-06-29,0.0,27.7,18.4,0.0,2.7,22.46,76.25,0.0
2015-06-30,0.0,29.8,18.3,0.0,3.8,23.82,74.25,0.0
2015-07-01,0.0,31.6,20.5,0.0,4.3,25.02,65.0,0.0
2015-07-02,0.1,25.6,20.8,0.0,4.8,22.76,83.0,0.666667
2015-07-03,0.0,26.3,20.4,0.0,3.0,23.58,76.75,0.0
2015-07-04,0.0,29.2,20.2,0.0,4.0,22.8,80.25,0.1
2015-07-05,0.3,20.7,17.3,0.0,4.0,18.58,84.25,0.533333
2015-07-06,1.2,22.6,18.1,0.0,1.7,20.3,79.25,0.0
2015-07-07,0.0,27.1,18.3,0.0,3.0,22.28,79.5,0.0
2015-07-08,0.0,26.8,20.0,0.0,2.9,23.24,76.25,0.0
2015-07-09,0.0,28.0,20.7,0.0,3.8,23.88,67.25,0.13333299999999998
2015-07-10,0.0,27.2,19.3,0.0,4.6,22.74,77.25,0.4
2015-07-11,0.0,28.6,19.9,0.0,3.7,24.9,72.75,0.0
2015-07-12,0.0,31.0,20.3,0.0,4.0,25.44,74.5,0.0
2015-07-13,0.0,32.3,21.4,0.0,3.5,26.14,73.25,0.0
2015-07-14,0.0,32.8,20.8,0.0,4.1,26.28,69.75,0.0
2015-07-15,0.0,28.6,20.8,0.0,4.7,23.96,83.0,0.166667
2015-07-16,0.0,30.8,21.0,0.0,3.5,25.28,75.25,0.0
2015-07-17,0.0,29.0,20.5,0.0,4.1,23.66,80.25,0.0
2015-07-18,0.0,27.8,21.3,0.0,3.1,23.22,80.0,0.0
2015-07-19,0.0,29.2,19.8,0.0,3.3,24.16,76.75,1.066667
2015-07-20,0.0,32.1,21.2,0.0,4.4,25.78,64.25,0.0
2015-07-21,0.0,32.0,21.4,0.0,6.1,24.6,74.25,0.166667
2015-07-22,8.1,22.2,18.1,0.0,5.8,19.9,85.25,0.0
2015-07-23,0.0,25.0,18.2,0.0,2.4,21.64,78.25,0.0
2015-07-24,0.0,29.0,19.3,0.0,3.4,23.42,78.5,0.0
2015-07-25,0.8,26.1,20.3,0.0,3.2,22.0,88.75,0.06666699999999999
2015-07-26,0.8,23.9,20.2,0.0,1.8,21.48,84.5,0.666667
2015-07-27,0.0,25.4,20.4,0.0,2.5,22.12,84.75,0.333333
2015-07-28,0.0,25.4,20.3,0.0,2.6,22.7,80.75,0.266667
2015-07-29,0.1,25.4,21.1,0.0,3.2,22.74,81.75,0.166667
2015-07-30,0.0,26.5,21.3,0.0,3.1,23.28,84.0,0.13333299999999998
2015-07-31,0.0,27.3,21.6,0.0,2.7,24.04,81.5,1.0
2015-08-01,0.0,30.8,20.8,0.0,2.9,24.64,72.25,0.4
2015-08-02,0.0,30.5,20.3,0.0,4.4,24.96,74.5,0.0
2015-08-03,0.0,32.0,20.8,0.0,5.2,25.68,73.75,0.333333
2015-08-04,0.0,30.8,20.3,0.0,5.9,24.5,72.25,0.23333299999999998
2015-08-05,0.0,28.8,19.8,0.0,6.0,24.08,74.5,0.266667
2015-08-06,0.0,30.4,20.1,0.0,4.8,24.44,72.5,0.0
2015-08-07,0.0,29.7,20.3,0.0,4.8,24.44,73.75,0.333333
2015-08-08,0.0,28.2,20.8,0.0,5.3,23.36,79.0,0.866667
2015-08-09,0.0,28.5,20.3,0.0,4.8,23.28,73.5,1.466667
2015-08-10,0.0,27.4,19.8,0.0,5.7,23.1,75.5,0.333333
2015-08-11,0.0,28.2,18.8,0.0,5.3,22.64,72.75,0.13333299999999998
2015-08-12,0.0,26.8,18.7,0.0,5.0,22.22,75.0,0.466667
2015-08-13,0.0,28.2,18.8,0.0,4.2,23.18,74.25,0.666667
2015-08-14,0.0,29.8,19.1,0.0,4.7,23.5,72.5,0.13333299999999998
2015-08-15,0.0,30.3,19.8,0.0,5.6,24.14,68.5,0.166667
2015-08-16,0.0,30.8,19.8,0.0,5.8,24.76,69.0,0.0
2015-08-17,0.0,30.0,20.7,0.0,6.1,24.52,73.75,0.0
2015-08-18,0.0,32.1,20.0,0.0,4.5,25.3,65.25,0.4
2015-08-19,0.0,32.8,22.2,0.0,6.6,26.16,67.0,0.933333
2015-08-20,0.0,25.6,21.7,0.0,7.8,23.02,77.5,0.666667
2015-08-21,0.6,25.2,18.8,0.0,4.4,21.0,81.75,1.166667
2015-08-22,0.0,25.2,19.3,0.0,3.7,22.18,79.5,0.166667
2015-08-23,0.0,32.0,19.3,0.0,3.5,25.08,73.5,0.0
2015-08-24,0.0,27.1,20.9,0.0,5.8,23.06,80.25,0.0
2015-08-25,2.6,22.2,18.6,0.0,3.2,20.36,88.0,0.0
2015-08-26,0.9,25.8,19.3,0.0,1.7,21.66,86.5,0.1
2015-08-27,0.0,28.8,20.1,0.0,2.8,23.6,77.25,0.166667
2015-08-28,0.0,26.0,21.1,0.0,4.4,22.7,79.25,0.166667
2015-08-29,0.0,25.1,19.8,0.0,4.5,22.3,77.5,0.2
2015-08-30,0.0,31.9,18.9,0.0,4.3,25.64,68.5,0.0
2015-08-31,0.0,34.1,16.9,0.0,5.2,26.48,65.25,0.266667
2015-09-01,0.0,35.8,16.7,0.0,7.0,24.9,76.25,0.3
2015-09-02,2.7,23.8,18.5,0.0,6.7,20.34,80.25,0.0
2015-09-03,0.0,24.2,19.3,0.0,3.8,21.98,81.25,0.0
2015-09-04,0.0,27.1,20.1,0.0,3.1,22.44,80.25,0.0
2015-09-05,3.5,21.6,17.5,0.0,3.0,19.22,83.75,0.0
2015-09-06,3.6,23.0,18.3,0.0,2.8,20.88,87.0,0.0
2015-09-07,0.3,24.4,18.8,0.0,1.5,22.24,88.0,0.0
2015-09-08,0.2,26.2,20.8,0.0,1.9,24.36,74.5,0.0
2015-09-09,6.7,26.6,20.8,0.0,3.5,23.16,81.0,0.0
2015-09-10,0.4,26.2,21.0,0.0,3.5,23.36,83.0,0.0
2015-09-11,13.1,25.4,21.5,0.0,2.8,22.66,87.25,0.0
2015-09-12,13.4,22.4,18.0,0.0,1.7,19.28,91.75,0.0
2015-09-13,22.0,18.6,17.1,0.0,1.2,17.74,93.0,0.0
2015-09-14,3.5,20.7,17.2,0.0,1.1,19.68,84.25,0.0
2015-09-15,0.0,28.3,18.8,0.0,2.2,23.3,86.0,0.0
2015-09-16,0.0,36.2,20.3,0.0,2.2,28.3,80.0,0.0
2015-09-17,0.0,36.2,24.5,0.0,5.6,29.6,58.0,0.0
2015-09-18,0.0,38.1,24.3,0.0,6.9,30.4,48.25,0.0
2015-09-19,0.0,31.6,24.0,0.0,8.5,28.0,69.0,0.23333299999999998
2015-09-20,0.0,28.6,23.4,0.0,5.1,25.02,71.0,1.0
2015-09-21,0.0,28.4,23.0,0.0,4.2,24.88,74.0,1.166667
2015-09-22,0.0,27.4,21.8,0.0,4.2,24.08,77.25,0.3
2015-09-23,0.0,28.4,21.3,0.0,3.6,24.58,80.75,0.3
2015-09-24,0.0,38.7,23.6,0.0,3.0,30.88,53.25,0.333333
2015-09-25,0.0,36.8,25.7,0.0,7.7,28.66,62.5,0.333333
2015-09-26,0.0,28.4,23.8,0.0,6.5,25.32,77.25,0.3
2015-09-27,0.0,33.1,23.2,0.0,4.5,27.82,64.0,1.466667
2015-09-28,11.8,28.7,23.7,0.0,5.1,25.98,72.0,0.3
2015-09-29,0.0,26.0,22.8,0.0,3.1,24.0,81.0,0.933333
2015-09-30,0.0,29.8,23.0,0.0,2.5,25.84,75.0,0.0
2015-10-01,0.0,30.3,23.4,0.0,3.0,25.62,78.75,1.9666669999999997
2015-10-02,0.0,28.9,23.2,0.0,3.4,26.58,71.0,0.266667
2015-10-03,0.0,30.7,24.4,0.0,4.9,26.26,74.75,0.0
2015-10-04,0.0,25.0,20.5,0.0,3.6,22.42,91.5,0.7
2015-10-05,3.5,22.4,19.6,0.0,1.2,20.96,77.75,1.633333
2015-10-06,0.2,25.6,19.1,0.0,2.8,22.14,68.75,0.166667
2015-10-07,0.0,28.4,19.2,0.0,5.3,23.92,65.25,0.333333
2015-10-08,0.0,33.2,21.0,0.0,5.6,26.88,60.5,0.566667
2015-10-09,0.0,31.0,22.7,0.0,6.8,26.14,68.25,0.3
2015-10-10,0.0,30.8,23.3,0.0,5.4,27.62,52.0,0.7
2015-10-11,0.0,31.6,24.0,0.0,7.3,26.7,67.75,1.7333330000000002
2015-10-12,0.0,28.5,24.3,0.0,5.9,25.96,69.75,1.833333
2015-10-13,0.0,29.8,23.6,0.0,5.6,25.52,73.75,0.966667
2015-10-14,0.0,33.2,22.7,0.0,4.9,26.34,78.25,0.166667
2015-10-15,0.0,38.0,23.4,0.0,3.5,30.78,53.25,1.066667
2015-10-16,0.0,39.3,26.7,0.0,8.2,30.68,60.5,0.2
2015-10-17,0.0,30.2,23.8,0.0,8.5,25.64,73.75,0.1
2015-10-18,0.2,24.2,19.3,0.0,4.5,21.54,83.0,0.43333299999999997
2015-10-19,1.8,23.0,19.0,0.0,2.5,21.12,74.75,1.0
2015-10-20,0.0,30.9,20.0,0.0,3.9,25.78,69.75,0.3
2015-10-21,0.0,32.4,23.5,0.0,4.6,26.94,75.25,0.533333
2015-10-22,0.0,30.4,24.0,0.0,6.0,26.32,81.5,0.766667
2015-10-23,1.7,31.2,23.5,0.0,3.2,26.14,69.25,0.633333
2015-10-24,0.0,26.8,23.3,0.0,5.3,24.54,73.25,0.7
2015-10-25,0.0,24.2,21.3,0.0,4.1,22.36,75.5,1.433333
2015-10-26,0.0,28.6,21.1,0.0,4.4,24.3,72.0,1.333333
2015-10-27,0.0,30.2,22.5,0.0,4.5,26.02,73.0,0.166667
2015-10-28,0.2,28.3,23.5,0.0,4.2,25.48,78.0,0.833333
2015-10-29,1.0,26.5,22.2,0.0,3.3,23.78,78.0,1.0
2015-10-30,2.0,26.9,21.0,0.0,3.6,23.94,74.75,0.166667
2015-10-31,0.0,35.8,22.3,0.0,3.8,28.66,61.5,0.1
2015-11-01,0.0,32.2,25.1,0.0,6.3,27.34,71.25,0.4
2015-11-02,2.7,27.7,23.5,0.0,5.1,24.96,83.75,1.0
2015-11-03,14.0,30.6,24.0,0.0,2.2,26.44,79.5,0.466667
2015-11-04,0.6,28.8,24.0,0.0,2.2,25.36,83.5,0.2
2015-11-05,26.2,28.6,23.0,0.0,2.7,25.64,79.5,0.966667
2015-11-06,0.0,28.4,23.7,0.0,2.9,25.14,84.5,0.13333299999999998
2015-11-07,9.2,25.0,21.0,0.0,2.4,22.32,91.75,0.333333
2015-11-08,31.2,27.2,21.7,0.0,1.3,24.46,85.0,1.2
2015-11-09,0.7,29.3,23.6,0.0,2.2,26.1,80.5,0.0
2015-11-10,0.0,29.3,24.7,0.0,1.8,27.24,75.75,0.266667
2015-11-11,0.0,33.6,25.1,0.0,4.6,27.78,78.0,0.4
2015-11-12,0.0,32.2,25.4,0.0,4.7,27.68,64.5,1.233333
2015-11-13,0.0,29.3,23.5,0.0,5.0,26.8,73.75,0.366667
2015-11-14,0.0,36.6,25.1,0.0,4.5,30.9,46.25,0.266667
2015-11-15,0.0,31.4,24.0,0.0,9.0,26.52,84.0,0.43333299999999997
2015-11-16,0.5,26.2,23.0,0.0,4.0,23.98,85.5,1.166667
2015-11-17,0.0,27.4,22.7,0.0,2.5,24.9,82.0,0.3
2015-11-18,0.0,33.6,25.1,0.0,3.0,28.74,74.0,0.3
2015-11-19,0.3,35.1,25.8,0.0,4.4,29.5,68.5,1.8666669999999999
2015-11-20,0.6,34.2,26.8,0.0,5.8,29.16,65.5,0.466667
2015-11-21,0.2,28.9,20.1,0.0,5.2,22.84,85.0,0.366667
2015-11-22,7.9,29.0,19.9,0.0,1.9,24.72,73.0,2.3
2015-11-23,25.4,26.6,22.1,0.0,4.0,23.62,86.25,0.5
2015-11-24,3.4,27.6,21.8,0.0,1.7,25.08,78.0,0.5
2015-11-25,0.0,28.8,23.5,0.0,3.0,24.9,81.0,1.7
2015-11-26,0.2,26.6,22.7,0.0,3.0,24.34,79.0,1.6
2015-11-27,0.0,27.4,22.6,0.0,4.4,24.56,70.25,0.733333
2015-11-28,0.0,34.2,21.5,0.0,5.1,28.22,63.0,2.1333330000000004
2015-11-29,7.4,32.4,24.0,0.0,5.8,27.36,78.0,0.933333
2015-11-30,31.6,25.6,21.8,0.0,2.9,23.16,91.0,0.933333
2015-12-01,2.0,26.1,20.8,0.0,1.2,23.02,84.75,0.266667
2015-12-02,0.0,26.4,22.5,0.0,2.7,23.98,86.0,0.466667
2015-12-03,2.3,23.7,20.8,0.0,1.9,22.1,89.0,0.933333
2015-12-04,5.5,25.0,20.8,0.0,1.5,23.16,85.25,0.5
2015-12-05,0.1,31.0,21.6,0.0,1.5,26.04,78.5,0.23333299999999998
2015-12-06,0.5,30.2,24.7,0.0,3.5,26.16,82.5,0.0
2015-12-07,22.9,25.2,21.6,0.0,3.4,23.08,81.0,0.0
2015-12-08,0.6,25.6,21.3,0.0,2.2,23.7,81.5,0.566667
2015-12-09,0.0,31.6,23.1,0.0,2.8,27.7,75.0,0.4
2015-12-10,0.0,35.6,25.7,0.0,3.7,30.7,56.25,0.23333299999999998
2015-12-11,0.0,31.6,25.7,0.0,7.3,27.34,70.25,0.4
2015-12-12,0.0,30.7,23.6,0.0,4.8,25.98,81.5,0.766667
2015-12-13,52.3,33.6,23.5,0.0,3.4,28.84,62.75,3.2
2015-12-14,6.6,37.0,24.7,0.0,5.6,30.54,62.75,0.0
2015-12-15,0.0,38.5,26.7,0.0,6.8,32.44,56.0,0.13333299999999998
2015-12-16,4.2,33.0,25.8,0.0,8.3,28.36,66.75,0.166667
2015-12-17,0.0,30.9,25.3,0.0,4.9,28.02,72.0,1.466667
2015-12-18,0.0,34.8,25.1,0.0,4.5,30.06,62.75,0.766667
2015-12-19,0.0,35.8,26.7,0.0,7.4,29.78,59.25,0.06666699999999999
2015-12-20,0.0,31.6,26.9,0.0,7.9,28.5,70.0,0.8
2015-12-21,0.0,31.6,25.3,0.0,4.9,27.94,71.5,1.6
2015-12-22,0.0,34.8,25.6,0.0,5.5,29.4,63.0,0.533333
2015-12-23,0.0,37.5,25.9,0.0,8.0,30.52,57.0,0.0
2015-12-24,0.0,36.2,26.7,0.0,8.1,31.1,57.5,1.333333
2015-12-25,0.0,35.8,27.0,0.0,8.0,31.0,55.0,1.333333
2015-12-26,0.0,35.8,26.7,0.0,9.3,30.66,62.25,0.533333
2015-12-27,0.0,38.2,27.4,0.0,9.0,31.42,58.0,1.666667
2015-12-28,0.0,37.5,26.3,0.0,7.8,29.68,63.0,2.5333330000000003
2015-12-29,0.3,36.0,26.1,0.0,8.7,30.22,63.0,0.0
2015-12-30,0.0,37.5,25.0,0.0,5.6,29.34,66.0,0.266667
2015-12-31,9.5,37.7,24.6,0.0,6.4,31.02,54.0,0.0
2016-01-01,0.0,36.5,26.1,0.0,6.5,29.22,72.5,1.333333
2016-01-02,1.3,28.8,25.1,0.0,6.1,26.38,83.75,1.133333
2016-01-03,3.1,28.3,24.6,0.0,2.7,26.1,75.5,2.4
2016-01-04,0.0,29.4,24.6,0.0,5.3,26.36,67.5,1.8666669999999999
2016-01-05,0.0,28.3,23.6,0.0,5.0,25.66,72.25,2.266667
2016-01-06,0.0,30.9,23.5,0.0,8.7,26.68,64.5,1.0
2016-01-07,0.0,31.3,24.0,0.0,4.1,26.86,69.75,1.133333
2016-01-08,0.0,35.4,25.1,0.0,7.9,29.34,65.25,0.8
2016-01-09,0.8,34.0,25.9,0.0,7.5,29.86,66.25,1.333333
2016-01-10,0.0,35.9,25.8,0.0,6.3,30.62,63.5,0.23333299999999998
2016-01-11,0.0,33.4,26.1,0.0,6.0,28.6,76.0,0.533333
2016-01-12,3.8,33.6,24.9,0.0,3.9,28.1,77.0,0.13333299999999998
2016-01-13,3.6,33.3,24.6,0.0,3.0,27.34,82.5,1.0
2016-01-14,16.4,30.0,24.9,0.0,3.8,26.68,85.25,1.2
2016-01-15,8.6,32.6,24.6,0.0,2.1,26.8,83.25,0.366667
2016-01-16,70.9,27.0,22.5,0.0,1.9,24.66,79.5,0.733333
2016-01-17,3.6,27.0,21.6,0.0,3.5,23.52,76.5,1.466667
2016-01-18,0.5,26.4,20.7,0.0,3.7,23.62,78.5,0.8
2016-01-19,7.1,23.8,21.3,0.0,2.6,22.38,87.75,0.13333299999999998
2016-01-20,10.6,24.4,21.0,0.0,1.4,22.86,92.75,0.266667
2016-01-21,8.2,26.8,21.8,0.0,1.0,24.08,81.75,1.166667
2016-01-22,4.0,27.6,22.5,0.0,2.9,23.98,87.75,0.4
2016-01-23,24.9,30.2,22.5,0.0,1.4,25.66,73.0,0.266667
2016-01-24,0.0,28.7,23.2,0.0,4.2,26.14,74.75,1.233333
2016-01-25,0.0,30.4,24.7,0.0,4.0,27.34,76.5,1.433333
2016-01-26,0.0,34.4,25.3,0.0,3.2,29.1,66.0,0.833333
2016-01-27,0.0,35.6,26.1,0.0,6.0,29.74,71.0,0.13333299999999998
2016-01-28,0.0,31.0,25.1,0.0,5.5,26.94,84.25,0.466667
2016-01-29,4.2,33.2,24.6,0.0,2.3,28.56,73.75,0.0
2016-01-30,0.0,36.6,26.1,0.0,3.7,30.7,62.0,0.06666699999999999
2016-01-31,0.0,37.9,27.0,0.0,6.9,31.84,58.5,0.8
2016-02-01,0.0,36.5,26.4,0.0,7.4,30.98,57.0,1.066667
2016-02-02,0.0,34.5,26.5,0.0,8.6,29.2,65.75,1.7666669999999998
2016-02-03,0.0,31.2,25.7,0.0,5.6,27.86,74.25,1.466667
2016-02-04,0.0,32.2,25.5,0.0,4.8,28.48,71.25,1.5
2016-02-05,0.0,35.9,25.3,0.0,4.9,30.2,63.0,1.066667
2016-02-06,0.0,35.6,26.1,0.0,8.7,29.98,65.5,0.0
2016-02-07,0.0,30.6,25.8,0.0,5.3,27.4,78.0,0.5
2016-02-08,0.0,31.6,24.9,0.0,4.0,28.98,67.75,0.666667
2016-02-09,0.0,37.5,26.1,0.0,5.7,30.68,58.0,0.366667
2016-02-10,0.0,38.4,26.7,0.0,6.6,31.72,60.0,0.6
2016-02-11,0.8,31.4,25.1,0.0,4.9,26.76,83.75,0.666667
2016-02-12,1.4,30.2,24.7,0.0,3.8,27.1,61.25,1.333333
2016-02-13,0.0,29.1,23.6,0.0,6.9,26.52,76.0,1.6
2016-02-14,0.0,36.2,25.1,0.0,5.1,30.22,62.0,0.13333299999999998
2016-02-15,0.0,36.9,25.6,0.0,6.6,29.14,70.75,1.2
2016-02-16,10.2,32.2,24.0,0.0,3.6,26.56,82.0,1.566667
2016-02-17,11.4,33.9,24.0,0.0,4.3,27.26,77.0,0.333333
2016-02-18,6.8,34.6,24.7,0.0,3.8,29.02,66.25,1.433333
2016-02-19,0.0,37.4,23.0,0.0,5.7,27.04,78.0,1.25
2016-02-20,28.0,34.8,23.4,0.0,5.0,27.16,79.5,1.0
2016-02-21,36.0,31.1,23.4,0.0,3.8,26.3,77.0,0.533333
2016-02-22,5.6,33.2,24.4,0.0,3.2,26.76,77.25,0.666667
2016-02-23,14.1,33.8,24.9,0.0,4.0,28.02,74.75,0.766667
2016-02-24,4.0,37.1,25.5,0.0,5.1,30.32,63.75,0.06666699999999999
2016-02-25,0.0,34.7,26.0,0.0,5.7,28.68,72.25,2.166667
2016-02-26,0.0,37.7,25.1,0.0,4.8,30.0,63.5,0.466667
2016-02-27,0.0,37.0,26.8,0.0,6.4,29.36,64.25,0.166667
2016-02-28,0.0,37.3,26.6,0.0,6.0,30.78,65.5,1.8
2016-02-29,0.0,30.5,21.8,0.0,5.5,24.84,88.0,0.366667
2016-03-01,57.2,25.8,21.2,0.0,1.8,23.32,87.25,1.0
2016-03-02,0.0,30.0,22.7,0.0,1.9,25.82,77.5,0.933333
2016-03-03,0.0,33.7,24.6,0.0,3.4,29.08,65.75,0.666667
2016-03-04,0.0,34.0,26.1,0.0,5.6,29.98,58.5,0.0
2016-03-05,0.0,32.2,26.6,0.0,7.4,28.2,66.5,0.4
2016-03-06,0.0,32.8,25.7,0.0,6.0,29.18,70.5,1.6
2016-03-07,0.2,32.4,26.3,0.0,4.6,28.54,76.0,0.866667
2016-03-08,0.4,31.5,25.9,0.0,4.1,28.36,75.25,0.166667
2016-03-09,0.0,32.0,25.1,0.0,4.7,28.86,68.5,0.4
2016-03-10,0.0,36.8,25.9,0.0,5.7,31.34,55.25,0.06666699999999999
2016-03-11,0.0,32.6,27.7,0.0,7.9,29.32,73.75,0.0
2016-03-12,1.6,32.1,22.5,0.0,3.1,25.88,81.0,0.06666699999999999
2016-03-13,96.9,27.1,22.5,0.0,3.4,25.14,82.0,0.0
2016-03-14,0.0,30.0,23.4,0.0,2.8,26.76,72.75,1.2
2016-03-15,0.0,30.6,25.4,0.0,4.3,27.44,78.25,0.13333299999999998
2016-03-16,0.3,29.4,24.0,0.0,3.5,25.96,88.25,0.1
2016-03-17,12.5,30.5,24.0,0.0,2.2,26.34,77.75,0.833333
2016-03-18,0.4,29.9,24.3,0.0,3.2,26.56,78.0,0.43333299999999997
2016-03-19,0.0,30.4,24.0,0.0,3.8,26.48,78.5,0.366667
2016-03-20,0.0,30.4,25.1,0.0,4.8,27.3,75.75,1.466667
2016-03-21,0.0,32.2,24.9,0.0,5.8,28.08,67.25,0.0
2016-03-22,0.0,35.4,24.2,0.0,5.6,29.52,59.0,0.166667
2016-03-23,0.0,33.4,26.9,0.0,6.4,28.58,75.75,0.166667
2016-03-24,34.8,29.6,22.9,0.0,4.1,26.26,72.5,0.333333
2016-03-25,0.0,31.4,24.8,0.0,4.5,27.24,82.5,0.3
2016-03-26,0.0,31.4,25.9,0.0,3.2,27.94,76.75,0.0
2016-03-27,0.6,33.5,25.6,0.0,2.2,27.98,73.25,0.0
2016-03-28,0.0,34.8,22.9,0.0,6.6,28.02,79.5,0.0
2016-03-29,0.0,32.4,22.6,0.0,5.8,27.84,80.75,0.2
2016-03-30,0.1,33.0,25.9,0.0,4.0,28.3,78.75,0.166667
2016-03-31,0.0,32.0,25.3,0.0,4.0,28.26,75.75,0.7
2016-04-01,0.0,32.8,25.4,0.0,3.5,27.44,80.75,0.3
2016-04-02,0.6,30.4,24.0,0.0,3.2,26.56,79.25,0.266667
2016-04-03,0.0,31.1,25.0,0.0,4.5,27.68,75.0,1.133333
2016-04-04,0.0,31.4,24.0,0.0,4.4,27.24,79.25,0.166667
2016-04-05,0.0,31.0,24.7,0.0,3.0,26.9,76.5,1.333333
2016-04-06,0.0,31.0,23.0,0.0,2.1,26.84,75.0,0.166667
2016-04-07,0.0,33.0,22.5,0.0,3.9,28.14,63.25,0.466667
2016-04-08,0.0,32.8,25.1,0.0,5.3,28.06,67.75,0.666667
2016-04-09,0.0,31.1,24.5,0.0,4.2,27.16,76.5,1.366667
2016-04-10,0.0,31.9,25.0,0.0,4.5,27.98,74.0,2.066667
2016-04-11,0.0,31.3,25.3,0.0,5.5,27.72,75.25,0.13333299999999998
2016-04-12,0.0,31.8,25.4,0.0,4.2,27.24,78.75,1.6
2016-04-13,0.0,30.5,24.0,0.0,4.8,27.46,73.0,1.7333330000000002
2016-04-14,0.0,35.2,25.1,0.0,4.3,30.06,64.25,0.0
2016-04-15,0.0,32.4,26.1,0.0,5.5,28.74,73.75,0.933333
2016-04-16,0.0,32.5,24.7,0.0,5.3,28.08,68.75,1.6
2016-04-17,0.0,33.2,25.1,0.0,5.8,28.66,69.5,0.266667
2016-04-18,0.0,34.4,25.7,0.0,5.2,29.36,62.5,1.1
2016-04-19,0.0,35.0,25.2,0.0,5.9,29.12,56.75,0.2
2016-04-20,0.0,34.2,24.7,0.0,6.8,29.06,59.0,0.533333
2016-04-21,0.0,34.3,25.2,0.0,6.5,29.66,60.5,0.533333
2016-04-22,0.0,35.8,25.5,0.0,6.2,29.78,56.75,0.533333
2016-04-23,0.0,31.8,23.7,0.0,6.8,27.38,66.5,0.8
2016-04-24,0.0,35.0,23.9,0.0,6.4,28.52,55.5,1.2
2016-04-25,0.0,34.6,24.3,0.0,7.2,29.1,56.75,0.06666699999999999
2016-04-26,0.0,34.1,24.6,0.0,7.6,28.5,66.75,0.0
2016-04-27,0.0,31.0,23.2,0.0,6.0,25.4,72.75,0.8
2016-04-28,0.0,23.6,19.3,0.0,4.4,20.82,76.25,1.333333
2016-04-29,0.5,23.6,18.7,0.0,2.6,20.5,79.25,0.933333
2016-04-30,4.6,22.2,19.1,0.0,1.7,20.74,80.25,0.4
2016-05-01,0.4,24.2,19.8,0.0,2.6,21.44,56.0,0.933333
2016-05-02,0.0,25.6,17.4,0.0,4.3,21.26,73.75,0.933333
2016-05-03,0.0,26.4,17.3,0.0,3.2,22.06,76.5,1.066667
2016-05-04,0.0,27.9,19.8,0.0,4.0,22.9,71.0,0.933333
2016-05-05,0.0,26.8,19.6,0.0,3.7,23.16,76.25,0.0
2016-05-06,0.0,27.0,21.0,0.0,2.7,23.96,71.5,1.7333330000000002
2016-05-07,0.0,29.2,21.1,0.0,3.7,24.7,76.25,1.466667
2016-05-08,0.0,28.8,23.8,0.0,3.5,25.0,76.75,0.0
2016-05-09,0.0,28.6,22.4,0.0,2.6,24.8,76.25,1.333333
2016-05-10,0.0,30.6,21.8,0.0,3.8,25.4,78.0,0.0
2016-05-11,1.3,28.3,21.3,0.0,3.0,24.84,72.25,0.9
2016-05-12,0.0,26.2,21.3,0.0,3.6,23.3,82.0,0.666667
2016-05-13,17.4,24.6,19.7,0.0,2.0,21.14,89.75,0.733333
2016-05-14,5.4,26.0,19.0,0.0,1.4,21.76,82.25,0.533333
2016-05-15,0.0,29.4,19.8,0.0,4.0,23.68,83.75,0.0
2016-05-16,0.0,33.1,19.2,0.0,3.6,27.54,66.0,0.933333
2016-05-17,0.4,30.7,18.8,0.0,7.0,23.66,90.25,1.6
2016-05-18,3.7,22.6,19.8,0.0,3.0,20.86,89.0,0.666667
2016-05-19,17.0,22.6,19.6,0.0,0.3,20.84,94.0,0.533333
2016-05-20,6.7,28.0,20.1,0.0,0.8,23.7,81.0,1.133333
2016-05-21,0.0,29.4,22.3,0.0,2.4,26.94,71.25,0.0
2016-05-22,0.0,31.4,21.8,0.0,2.7,26.12,88.75,1.066667
2016-05-23,0.0,29.5,20.2,0.0,3.8,22.66,92.75,0.9
2016-05-24,0.0,21.6,17.9,0.0,3.8,19.42,88.5,0.23333299999999998
2016-05-25,0.9,24.6,17.8,0.0,1.7,21.08,71.5,0.533333
2016-05-26,0.0,26.0,18.8,0.0,3.6,20.88,85.5,0.666667
2016-05-27,0.0,26.4,19.4,0.0,3.9,22.16,86.25,1.333333
2016-05-28,0.0,27.1,19.9,0.0,4.0,22.72,82.0,0.0
2016-05-29,0.0,27.4,20.3,0.0,3.0,23.48,82.0,0.0
2016-05-30,0.0,28.6,20.8,0.0,2.0,23.44,87.75,1.0
2016-05-31,0.3,28.2,19.8,0.0,3.2,23.56,77.5,1.333333
2016-06-01,0.0,27.8,20.7,0.0,3.2,23.62,82.0,1.4
2016-06-02,0.0,29.7,22.6,0.0,3.7,25.3,73.5,0.666667
2016-06-03,6.0,24.9,20.6,0.0,3.1,22.66,78.5,1.466667
2016-06-04,0.6,24.8,21.8,0.0,3.0,22.84,87.0,0.8
2016-06-05,15.0,27.3,21.1,0.0,1.8,23.08,86.25,0.0
2016-06-06,2.4,27.0,19.8,0.0,1.6,23.12,86.75,0.8
2016-06-07,41.2,23.0,19.3,0.0,1.6,20.26,92.5,0.0
2016-06-08,14.4,20.3,18.0,0.0,1.0,18.94,82.25,0.666667
2016-06-09,0.8,22.2,17.1,0.0,1.4,19.22,74.25,0.0
2016-06-10,0.0,20.7,16.3,0.0,3.6,18.48,84.5,0.0
2016-06-11,0.0,21.3,16.1,0.0,3.0,18.36,73.75,1.7333330000000002
2016-06-12,0.0,22.0,16.0,0.0,5.0,18.24,82.25,1.333333
2016-06-13,0.0,22.0,14.7,0.0,3.0,17.46,63.25,0.0
2016-06-14,0.0,23.5,14.3,0.0,1.6,18.68,72.25,0.8
2016-06-15,0.0,25.2,15.8,0.0,1.6,19.96,80.5,0.0
2016-06-16,0.0,24.6,15.8,0.0,5.3,20.2,73.0,1.333333
2016-06-17,0.0,27.0,17.2,0.0,3.6,21.92,76.75,0.0
2016-06-18,0.0,24.2,18.3,0.0,2.9,21.06,82.5,0.0
2016-06-19,0.0,24.1,19.8,0.0,2.6,20.98,84.75,0.666667
2016-06-20,0.0,21.6,18.8,0.0,1.4,19.76,86.25,0.8
2016-06-21,0.0,21.2,17.4,0.0,2.8,18.68,88.75,1.2
2016-06-22,1.3,24.6,17.3,0.0,2.6,20.9,80.25,1.2
2016-06-23,0.0,22.6,17.3,0.0,2.5,19.82,80.25,0.8
2016-06-24,0.0,23.8,17.6,0.0,2.4,19.68,80.0,0.13333299999999998
2016-06-25,0.0,23.7,17.6,0.0,1.8,20.54,74.75,0.666667
2016-06-26,0.0,25.0,18.3,0.0,3.5,21.08,77.75,0.0
2016-06-27,0.0,24.8,18.3,0.0,2.4,21.66,83.75,0.8
2016-06-28,0.0,26.8,19.3,0.0,3.6,22.66,78.5,0.0
2016-06-29,0.0,26.3,19.4,0.0,2.7,22.7,85.5,0.933333
2016-06-30,0.0,23.8,19.3,0.0,3.1,20.9,85.0,0.933333
2016-07-01,0.0,25.4,19.6,0.0,2.3,22.08,87.5,0.533333
2016-07-02,0.0,27.4,20.8,0.0,2.0,23.32,78.0,0.666667
2016-07-03,0.0,27.0,20.3,0.0,3.1,22.74,82.25,0.0
2016-07-04,0.0,29.6,18.8,0.0,2.8,23.56,75.5,0.0
2016-07-05,0.0,30.4,19.4,0.0,3.3,23.6,81.75,0.0
2016-07-06,0.0,30.4,20.4,0.0,4.0,23.6,81.75,1.7333330000000002
2016-07-07,0.0,27.4,19.8,0.0,6.6,22.54,57.25,0.666667
2016-07-08,0.0,23.2,16.9,0.0,5.0,19.58,64.75,1.333333
2016-07-09,0.0,24.6,17.3,0.0,4.0,20.42,69.5,1.466667
2016-07-10,0.0,29.0,18.2,0.0,3.4,23.4,68.5,0.0
2016-07-11,0.0,31.8,19.4,0.0,3.6,25.42,59.5,0.0
2016-07-12,0.0,35.4,21.8,0.0,4.5,27.04,63.5,0.0
2016-07-13,0.0,27.2,21.8,0.0,9.5,23.64,74.0,2.8
2016-07-14,0.0,30.9,20.7,0.0,4.5,24.52,73.5,0.6
2016-07-15,0.0,32.6,20.6,0.0,3.3,25.72,63.75,0.0
2016-07-16,0.0,31.8,22.3,0.0,5.5,25.38,64.25,0.0
2016-07-17,0.0,24.8,19.1,0.0,5.3,20.56,78.75,0.666667
2016-07-18,0.0,21.6,17.3,0.0,5.4,18.98,58.5,0.0
2016-07-19,0.0,22.6,16.2,0.0,5.0,19.24,62.75,0.13333299999999998
2016-07-20,0.0,20.7,17.8,0.0,3.5,19.14,75.0,0.8
2016-07-21,0.0,20.4,17.7,0.0,2.5,18.38,84.75,0.533333
2016-07-22,0.6,21.4,17.3,0.0,1.6,19.34,75.25,0.666667
2016-07-23,0.9,26.8,17.6,0.0,2.7,21.72,69.5,1.333333
2016-07-24,0.0,30.4,18.1,0.0,3.4,23.16,67.75,0.0
2016-07-25,0.0,24.4,20.3,0.0,4.5,21.5,79.0,0.0
2016-07-26,0.0,28.6,19.6,0.0,3.3,23.6,66.75,0.666667
2016-07-27,0.0,33.4,19.9,0.0,4.4,23.82,61.75,0.266667
2016-07-28,0.0,22.0,19.5,0.0,6.0,20.38,72.0,0.8
2016-07-29,0.0,24.5,18.3,0.0,2.8,20.92,74.75,0.933333
2016-07-30,0.0,27.0,19.3,0.0,3.0,22.22,78.25,0.933333
2016-07-31,0.0,24.6,19.3,0.0,3.1,21.36,74.25,0.933333
2016-08-01,0.0,29.6,19.3,0.0,1.4,23.78,59.75,0.0
2016-08-02,0.0,27.8,20.8,0.0,4.2,22.64,73.5,0.666667
2016-08-03,1.9,23.1,20.3,0.0,4.7,21.4,71.25,0.0
2016-08-04,0.0,25.4,20.1,0.0,4.0,21.4,68.0,0.666667
2016-08-05,0.0,26.2,18.3,0.0,4.6,22.02,69.5,1.6
2016-08-06,0.0,33.1,19.3,0.0,4.3,24.2,70.75,0.0
2016-08-07,0.0,29.2,22.5,0.0,6.6,24.42,71.25,1.466667
2016-08-08,0.0,24.6,21.0,0.0,4.4,22.26,77.75,1.466667
2016-08-09,0.0,26.8,20.8,0.0,3.3,23.56,72.25,0.666667
2016-08-10,0.0,24.3,18.8,0.0,3.9,20.46,74.0,2.5333330000000003
2016-08-11,0.9,24.0,16.5,0.0,3.5,19.62,59.75,0.8
2016-08-12,3.2,22.2,16.6,0.0,5.4,18.88,76.75,0.0
2016-08-13,0.5,23.0,16.8,0.0,2.1,19.84,73.5,2.266667
2016-08-14,0.0,28.8,17.5,0.0,3.4,22.82,63.0,0.0
2016-08-15,0.0,33.6,19.3,0.0,4.5,24.7,60.75,0.0
2016-08-16,0.6,28.0,20.3,0.0,4.6,23.42,60.75,0.533333
2016-08-17,0.0,33.0,20.2,0.0,5.8,26.5,59.25,0.0
2016-08-18,0.0,28.6,22.5,0.0,7.2,24.26,74.0,0.0
2016-08-19,2.1,28.0,20.3,0.0,4.3,24.14,77.75,0.933333
2016-08-20,0.0,28.2,21.6,0.0,3.7,23.96,75.5,1.333333
2016-08-21,7.6,24.8,18.8,0.0,3.3,20.6,82.5,0.8
2016-08-22,8.6,19.9,15.8,0.0,2.2,17.34,84.5,0.0
2016-08-23,5.8,22.6,16.2,0.0,1.5,19.36,69.25,0.666667
2016-08-24,0.0,24.6,18.2,0.0,4.7,21.18,66.0,2.4
2016-08-25,0.0,26.2,16.9,0.0,5.1,21.18,62.25,2.4
2016-08-26,0.0,26.6,17.4,0.0,5.0,22.6,60.0,2.4
2016-08-27,0.0,28.4,18.3,0.0,5.6,23.02,62.75,2.4
2016-08-28,0.0,32.9,19.8,0.0,5.7,25.92,49.25,2.4
2016-08-29,0.0,34.2,22.5,0.0,8.2,28.38,43.25,0.0
2016-08-30,0.0,33.8,21.8,0.0,8.3,27.2,59.75,0.0
2016-08-31,0.0,28.6,22.2,0.0,6.0,24.2,75.0,0.0
2016-09-01,14.0,26.8,21.2,0.0,6.3,23.48,78.25,0.0
2016-09-02,0.5,26.4,21.2,0.0,0.4,23.76,75.5,0.0
2016-09-03,0.0,29.4,21.7,0.0,3.0,23.98,82.75,0.0
2016-09-04,0.0,31.4,21.2,0.0,4.4,25.7,66.5,0.0
2016-09-05,0.0,27.9,21.8,0.0,5.0,23.9,78.25,0.0
2016-09-06,0.0,30.1,20.8,0.0,3.4,25.7,65.5,0.0
2016-09-07,0.0,30.0,21.8,6.0,7.5,24.28,76.0,0.0
2016-09-08,1.7,27.9,20.3,6.0,5.1,22.94,86.25,0.0
2016-09-09,0.0,23.4,21.1,6.0,5.5,22.22,73.5,0.0
2016-09-10,0.0,26.0,20.3,6.0,3.0,23.26,81.25,0.0
2016-09-11,0.0,29.1,21.4,6.0,3.0,24.66,74.25,0.0
2016-09-12,0.0,30.0,21.4,6.0,3.6,25.56,69.5,0.0
2016-09-13,0.0,35.8,21.8,6.0,5.5,28.76,49.5,0.0
2016-09-14,0.0,32.6,22.8,6.0,9.8,26.2,60.25,0.0
2016-09-15,0.0,26.9,22.2,6.0,7.9,23.66,61.25,0.0
2016-09-16,0.0,23.4,20.2,6.0,6.5,21.32,76.25,0.0
2016-09-17,0.0,26.8,19.8,6.0,4.4,23.36,74.5,0.0
2016-09-18,0.0,31.2,22.2,6.0,3.6,25.56,73.0,0.0
2016-09-19,7.9,29.8,21.4,6.0,4.5,24.2,75.0,0.0
2016-09-20,82.7,23.1,18.8,6.0,3.9,20.42,81.75,0.0
2016-09-21,1.9,23.9,18.3,6.0,2.7,21.0,74.25,0.0
2016-09-22,3.8,24.0,18.3,6.0,3.3,21.22,69.0,0.0
2016-09-23,0.0,26.4,18.9,6.0,6.3,22.78,65.0,0.0
2016-09-24,0.0,27.6,19.8,6.0,4.8,23.28,72.5,0.0
2016-09-25,0.5,23.2,18.6,6.0,3.4,20.18,90.75,0.0
2016-09-26,6.5,22.0,17.8,6.0,1.3,19.52,83.75,0.0
2016-09-27,3.2,24.6,18.2,6.0,1.8,21.16,70.5,0.0
2016-09-28,0.0,25.0,19.2,6.0,4.0,21.84,71.5,0.0
2016-09-29,0.0,29.7,19.3,6.0,4.1,23.52,63.25,0.0
2016-09-30,0.5,23.1,18.4,6.0,5.1,19.82,87.5,0.0
2016-10-01,0.6,22.0,18.1,6.0,2.1,19.66,86.0,0.0
2016-10-02,0.9,22.0,18.3,6.0,2.8,20.68,82.0,0.0
2016-10-03,0.0,26.4,19.2,6.0,3.6,21.4,74.5,0.0
2016-10-04,20.6,22.2,18.0,6.0,2.9,20.04,89.75,0.0
2016-10-05,19.1,24.5,19.0,6.0,1.7,21.68,73.0,0.0
2016-10-06,0.0,23.9,19.8,6.0,3.5,21.38,77.0,0.0
2016-10-07,2.3,25.7,19.3,6.0,2.5,22.16,65.75,0.0
2016-10-08,0.0,26.8,18.8,6.0,4.7,22.4,77.0,0.0
2016-10-09,0.0,26.4,20.3,6.0,4.0,23.3,74.5,0.0
2016-10-10,0.0,23.6,20.8,6.0,4.8,21.76,69.25,0.0
2016-10-11,0.0,27.8,19.6,6.0,4.6,23.6,66.25,0.0
2016-10-12,0.0,29.0,20.8,6.0,5.0,24.68,68.0,0.0
2016-10-13,0.0,33.4,22.3,6.0,4.8,27.5,59.0,0.0
2016-10-14,0.0,31.6,23.3,6.0,7.0,26.9,64.5,0.0
2016-10-15,0.0,29.4,23.9,6.0,5.9,25.7,72.0,0.0
2016-10-16,0.0,34.6,23.7,6.0,5.0,28.3,68.25,0.0
2016-10-17,0.0,32.6,24.6,6.0,5.2,28.82,65.0,0.0
2016-10-18,0.0,31.2,25.1,6.0,5.5,27.58,67.5,0.0
2016-10-19,0.0,31.0,24.6,6.0,4.9,26.88,78.5,0.0
2016-10-20,0.0,34.7,24.4,6.0,4.0,28.42,66.5,0.0
2016-10-21,0.0,29.7,25.8,6.0,6.3,27.02,73.75,0.0
2016-10-22,2.2,25.9,21.8,6.0,3.5,23.18,78.25,0.0
2016-10-23,2.6,27.2,21.5,6.0,2.8,24.02,76.0,0.0
2016-10-24,0.0,29.8,23.5,6.0,3.9,25.82,76.0,0.0
2016-10-25,0.0,28.4,23.3,6.0,4.8,24.82,81.25,0.0
2016-10-26,0.0,30.6,22.6,6.0,3.9,25.32,72.5,0.0
2016-10-27,1.1,36.2,23.8,6.0,4.6,28.6,64.25,0.0
2016-10-28,1.0,28.4,19.8,6.0,6.8,22.84,67.5,0.0
2016-10-29,0.0,25.0,18.6,6.0,3.8,21.92,68.0,0.0
2016-10-30,0.0,23.6,19.4,6.0,4.2,21.28,73.0,0.0
2016-10-31,0.0,27.8,19.3,6.0,4.3,23.94,63.5,0.0
2016-11-01,0.0,31.2,20.3,6.0,6.5,26.58,53.25,0.0
2016-11-02,0.0,36.3,24.6,6.0,8.2,30.5,54.5,0.0
2016-11-03,0.0,33.0,25.3,6.0,15.3,28.1,69.25,0.0
2016-11-04,32.2,25.4,20.8,6.0,5.9,22.4,91.75,0.0
2016-11-05,3.4,22.6,20.3,6.0,1.5,21.74,91.0,0.0
2016-11-06,30.9,27.2,21.2,6.0,0.9,23.94,76.5,0.0
2016-11-07,0.0,29.4,21.3,6.0,3.1,25.34,73.75,0.0
2016-11-08,9.1,30.1,21.8,6.0,4.6,25.9,74.25,0.0
2016-11-09,0.0,32.2,22.5,6.0,5.2,28.14,65.75,0.0
2016-11-10,2.0,35.4,24.3,6.0,5.8,29.02,62.0,0.0
2016-11-11,0.0,32.4,25.1,6.0,7.4,27.42,72.0,0.0
2016-11-12,2.1,28.6,23.5,6.0,5.1,24.98,80.5,0.0
2016-11-13,27.6,24.0,21.0,6.0,2.7,21.76,93.75,0.0
2016-11-14,16.1,22.6,21.3,6.0,0.6,21.78,89.25,0.0
2016-11-15,20.4,28.4,21.3,6.0,1.6,25.02,75.5,0.0
2016-11-16,0.0,27.4,24.2,6.0,3.4,25.2,79.75,0.0
2016-11-17,0.0,29.8,24.0,6.0,8.0,25.96,82.75,0.0
2016-11-18,18.1,27.0,21.7,6.0,3.5,23.86,71.5,0.0
2016-11-19,3.7,24.0,18.8,6.0,4.9,21.16,60.25,0.0
2016-11-20,0.2,24.8,18.5,6.0,6.0,21.66,64.5,0.0
2016-11-21,0.0,29.8,19.3,6.0,6.7,24.3,69.0,0.0
2016-11-22,0.0,28.6,22.6,6.0,5.2,24.8,77.0,0.0
2016-11-23,0.0,26.2,24.0,6.0,6.7,24.64,81.0,0.0
2016-11-24,0.0,26.6,23.7,6.0,2.0,24.62,77.0,0.0
2016-11-25,0.0,29.4,23.5,6.0,5.5,25.62,76.25,0.0
2016-11-26,0.0,29.2,22.5,6.0,5.2,25.56,74.75,0.0
2016-11-27,0.0,30.3,22.5,6.0,4.6,26.32,69.75,0.0
2016-11-28,0.0,34.2,23.5,6.0,5.0,29.02,69.75,0.0
2016-11-29,0.0,31.9,24.7,6.0,7.0,27.24,76.25,0.0
2016-11-30,1.2,25.0,21.3,6.0,4.8,23.2,74.75,0.0
2016-12-01,0.0,27.0,20.8,6.0,4.6,24.08,67.0,0.0
2016-12-02,0.0,27.0,21.8,6.0,6.3,24.68,76.25,0.0
2016-12-03,0.0,32.4,21.8,6.0,4.8,26.78,77.75,0.0
2016-12-04,14.2,33.0,23.4,6.0,5.2,25.8,79.5,0.0
2016-12-05,4.7,25.0,22.5,6.0,3.3,23.44,81.25,0.0
2016-12-06,0.0,31.2,21.3,6.0,3.1,25.46,65.0,0.0
2016-12-07,0.0,29.1,21.3,6.0,6.4,25.48,77.0,0.0
2016-12-08,0.0,31.4,24.0,6.0,5.5,27.24,80.75,0.0
2016-12-09,15.0,31.0,24.6,6.0,5.8,27.68,79.0,0.0
2016-12-10,0.0,30.1,25.2,6.0,4.0,27.3,79.0,0.0
2016-12-11,0.0,34.1,26.1,6.0,3.6,29.5,79.0,0.0
2016-12-12,0.7,32.1,25.0,6.0,4.1,27.38,85.0,0.0
2016-12-13,21.5,31.2,23.5,6.0,3.1,27.28,83.0,0.0
2016-12-14,9.1,30.5,24.6,6.0,3.4,26.1,94.0,0.0
2016-12-15,13.3,25.5,20.1,6.0,4.7,21.8,94.0,0.0
2016-12-16,3.2,25.2,19.3,6.0,2.8,22.22,94.0,0.0
2016-12-17,0.0,25.3,21.5,6.0,3.7,23.86,94.0,0.0
2016-12-18,9.9,30.2,22.4,6.0,1.5,25.92,94.0,0.0
2016-12-19,8.2,30.0,23.0,6.0,3.6,27.36,94.0,0.0
2016-12-20,0.0,34.2,24.9,6.0,6.2,30.5,94.0,0.0
2016-12-21,0.0,34.4,25.6,6.0,7.5,29.9,94.0,0.0
2016-12-22,0.0,33.0,25.1,6.0,8.6,28.8,94.0,0.0
2016-12-23,0.0,32.8,23.0,6.0,6.9,26.28,94.0,0.0
2016-12-24,0.0,32.5,27.0,6.0,7.7,29.38,94.0,0.0
2016-12-25,0.0,33.4,25.6,6.0,7.0,28.76,94.0,0.0
2016-12-26,0.0,33.4,25.5,6.0,6.2,30.02,94.0,0.0
2016-12-27,0.0,39.0,28.0,6.0,6.1,33.46,94.0,0.0
2016-12-28,0.0,36.3,28.7,6.0,8.2,32.12,94.0,0.0
2016-12-29,0.0,32.4,27.6,6.0,8.2,30.32,94.0,0.0
2016-12-30,0.0,37.6,26.3,6.0,5.8,29.76,94.0,0.0
2016-12-31,4.0,38.1,26.1,6.0,4.8,30.84,94.0,0.0
2017-01-01,0.0,34.5,28.2,6.0,7.8,30.3,94.0,0.0
2017-01-02,0.0,35.0,27.0,6.0,8.8,29.54,94.0,0.0
2017-01-03,0.0,31.5,24.0,6.0,6.2,26.92,94.0,0.0
2017-01-04,0.0,37.9,24.9,6.0,5.2,32.48,94.0,0.0
2017-01-05,0.0,36.5,24.0,6.0,7.6,28.22,94.0,0.0
2017-01-06,8.2,31.0,25.1,6.0,6.2,28.82,94.0,0.0
2017-01-07,0.0,32.0,28.2,6.0,7.3,29.72,94.0,0.0
2017-01-08,0.0,32.5,26.7,6.0,5.4,29.56,94.0,0.0
2017-01-09,0.0,36.2,27.0,6.0,5.8,32.06,94.0,0.0
2017-01-10,0.0,35.3,28.4,6.0,8.0,31.58,94.0,0.0
2017-01-11,0.0,33.6,23.0,6.0,7.5,26.92,94.0,0.0
2017-01-12,1.2,31.9,24.0,6.0,4.0,27.88,94.0,0.0
2017-01-13,34.8,27.8,24.0,6.0,1.7,26.2,94.0,0.0
2017-01-14,2.4,31.2,25.7,6.0,2.8,28.46,94.0,0.0
2017-01-15,0.0,31.8,25.6,6.0,5.8,28.72,94.0,0.0
2017-01-16,0.0,35.1,25.9,6.0,4.2,30.2,94.0,0.0
2017-01-17,0.0,36.6,27.7,6.0,6.6,31.38,94.0,0.0
2017-01-18,0.0,36.8,26.1,6.0,6.0,30.66,94.0,0.0
2017-01-19,0.0,31.7,26.1,6.0,9.2,27.96,94.0,0.0
2017-01-20,1.7,30.0,25.1,6.0,3.5,26.66,94.0,0.0
2017-01-21,0.3,31.5,25.8,6.0,4.0,27.76,94.0,0.0
2017-01-22,0.3,32.2,25.0,6.0,3.8,27.72,94.0,0.0
2017-01-23,0.0,34.9,25.1,6.0,4.6,29.24,94.0,0.0
2017-01-24,0.0,35.7,26.1,6.0,7.2,30.8,94.0,0.0
2017-01-25,0.0,38.2,26.1,6.0,5.3,30.82,94.0,0.0
2017-01-26,0.0,38.5,27.0,6.0,7.2,30.54,94.0,0.0
2017-01-27,0.0,36.2,26.7,6.0,6.0,30.74,94.0,0.0
2017-01-28,0.0,33.4,27.7,6.0,7.5,30.74,94.0,0.0
2017-01-29,0.0,33.0,26.1,6.0,6.5,29.06,94.0,0.0
2017-01-30,0.0,32.0,25.5,6.0,5.5,30.04,94.0,0.0
2017-01-31,0.0,31.8,25.5,6.0,6.2,28.1,94.0,0.0
2017-02-01,0.7,32.8,25.1,6.0,5.8,29.02,94.0,0.0
2017-02-02,0.0,32.4,25.8,6.0,5.8,29.92,94.0,0.0
2017-02-03,6.9,35.1,23.8,6.0,4.6,29.22,94.0,0.0
2017-02-04,0.0,34.0,27.2,6.0,5.3,29.4,94.0,0.0
2017-02-05,0.0,32.8,26.4,6.0,5.3,28.1,94.0,0.0
2017-02-06,0.0,35.1,26.1,6.0,6.5,30.0,94.0,0.0
2017-02-07,0.0,33.8,27.7,6.0,8.0,30.38,94.0,0.0
2017-02-08,8.8,29.8,26.0,6.0,5.3,27.8,94.0,0.0
2017-02-09,4.2,31.1,25.6,6.0,5.2,27.74,94.0,0.0
2017-02-10,0.0,31.0,24.6,6.0,5.8,28.0,94.0,0.0
2017-02-11,0.0,35.0,26.1,6.0,5.6,29.78,94.0,0.0
2017-02-12,0.0,34.8,26.7,6.0,5.9,29.98,94.0,0.0
2017-02-13,0.0,35.7,25.4,6.0,6.2,30.76,94.0,0.0
2017-02-14,0.0,34.8,26.1,6.0,9.2,30.7,94.0,0.0
2017-02-15,0.0,33.6,25.6,6.0,7.0,30.12,94.0,0.0
2017-02-16,0.0,34.0,25.8,6.0,6.4,29.08,94.0,0.0
2017-02-17,0.0,33.5,25.6,6.0,6.8,29.3,94.0,0.0
2017-02-18,0.0,32.9,25.4,6.0,6.9,29.06,94.0,0.0
2017-02-19,0.0,36.2,25.8,6.0,7.7,29.14,94.0,0.0
2017-02-20,0.0,32.1,26.3,6.0,6.4,28.08,94.0,0.0
2017-02-21,0.0,30.9,25.8,6.0,6.0,28.14,94.0,0.0
2017-02-22,0.0,32.2,25.5,6.0,7.7,29.06,94.0,0.0
2017-02-23,0.0,36.2,26.0,6.0,6.6,28.64,94.0,0.0
2017-02-24,0.0,34.6,26.4,6.0,8.7,29.88,94.0,0.0
2017-02-25,0.0,30.2,24.5,6.0,7.5,26.9,94.0,0.0
2017-02-26,0.0,28.2,24.3,6.0,1.9,26.5,94.0,0.0
2017-02-27,2.4,30.5,24.0,6.0,3.4,25.88,94.0,0.0
2017-02-28,0.0,32.1,25.1,6.0,4.6,27.16,94.0,0.0
2017-03-01,0.0,35.0,25.8,6.0,8.5,29.32,94.0,0.0
2017-03-02,0.0,34.4,23.9,6.0,8.0,27.3,94.0,0.0
2017-03-03,7.4,35.2,23.9,6.0,6.5,27.54,94.0,0.0
2017-03-04,5.5,36.2,25.2,6.0,4.7,28.42,94.0,0.0
2017-03-05,0.0,35.8,26.8,6.0,6.3,29.68,94.0,0.0
2017-03-06,0.0,31.0,26.0,6.0,6.2,27.42,94.0,0.0
2017-03-07,4.1,31.8,24.5,6.0,2.9,28.4,94.0,0.0
2017-03-08,0.3,29.8,25.6,6.0,3.4,27.0,94.0,0.0
2017-03-09,0.0,32.7,24.8,6.0,4.1,28.42,94.0,0.0
2017-03-10,0.0,35.8,25.4,6.0,4.4,29.36,94.0,0.0
2017-03-11,0.0,32.5,26.0,6.0,5.5,28.3,94.0,0.0
2017-03-12,0.0,36.8,25.4,6.0,4.7,29.32,94.0,0.0
2017-03-13,0.0,30.6,25.3,6.0,5.7,27.86,94.0,0.0
2017-03-14,11.2,29.3,23.4,6.0,5.8,26.82,94.0,0.0
2017-03-15,0.0,31.7,24.7,6.0,2.6,27.24,94.0,0.0
2017-03-16,0.0,33.0,24.0,6.0,3.8,28.2,94.0,0.0
2017-03-17,0.0,35.4,25.7,6.0,5.2,30.22,94.0,0.0
2017-03-18,4.0,29.9,23.6,6.0,5.4,25.98,94.0,0.0
2017-03-19,12.6,26.0,21.8,6.0,2.6,23.12,94.0,0.0
2017-03-20,23.6,26.6,20.0,6.0,2.2,22.94,94.0,0.0
2017-03-21,0.0,28.4,21.2,6.0,4.4,24.08,94.0,0.0
2017-03-22,15.2,28.6,21.4,6.0,3.2,24.6,94.0,0.0
2017-03-23,0.0,28.0,22.2,6.0,4.2,24.72,94.0,0.0
2017-03-24,0.0,30.2,22.3,6.0,4.9,26.32,94.0,0.0
2017-03-25,0.0,30.4,23.0,6.0,7.2,26.52,94.0,0.0
2017-03-26,0.0,30.4,23.2,6.0,4.8,26.08,94.0,0.0
2017-03-27,0.0,28.6,23.4,6.0,4.6,25.96,94.0,0.0
2017-03-28,1.5,27.8,24.3,6.0,2.9,25.66,94.0,0.0
2017-03-29,1.2,27.1,21.0,6.0,2.5,23.32,94.0,0.0
2017-03-30,1.0,27.6,20.8,6.0,3.8,24.24,94.0,0.0
2017-03-31,3.0,27.8,19.7,6.0,4.4,24.16,94.0,0.0
2017-04-01,3.0,27.8,19.7,6.0,4.4,24.16,94.0,0.0
2017-04-02,21.3,26.8,20.3,6.0,4.4,23.28,94.0,0.0
2017-04-03,0.0,26.8,22.5,6.0,4.4,23.28,94.0,0.0
2017-04-04,0.0,26.8,22.5,6.0,4.4,23.28,94.0,0.0
2017-04-05,0.0,34.6,22.8,6.0,4.4,28.3,94.0,0.0
